0,Pclass,Age,SibSp,Parch,Fare,ageUnknown,cabinUnknown,isMaster,isMr,isMrs,isMiss,hasNickname,hasTitle,A_Deck,B_Deck,C_Deck,D_Deck,E_Deck,F_Deck,G_Deck,Sex_female,Sex_male,Embarked_C,Embarked_Q,Embarked_S
0.08588801697491885,,,,,,,,,,,,,,,,,,,,,,,,,
0.5647134392207785,,,,,,,,,,,,,,,,,,,,,,,,,
0.07601235447840468,,,,,,,,,,,,,,,,,,,,,,,,,
0.09192960155720048,,,,,,,,,,,,,,,,,,,,,,,,,
0.6642749974255346,,,,,,,,,,,,,,,,,,,,,,,,,
0.10873795168472662,,,,,,,,,,,,,,,,,,,,,,,,,
0.60942668753906,,,,,,,,,,,,,,,,,,,,,,,,,
0.0906829268383002,,,,,,,,,,,,,,,,,,,,,,,,,
0.8829250884463806,,,,,,,,,,,,,,,,,,,,,,,,,
0.048310201018864234,,,,,,,,,,,,,,,,,,,,,,,,,
0.07914823057453281,,,,,,,,,,,,,,,,,,,,,,,,,
0.19637654907548535,,,,,,,,,,,,,,,,,,,,,,,,,
0.9668426376127776,,,,,,,,,,,,,,,,,,,,,,,,,
0.044053792043807986,,,,,,,,,,,,,,,,,,,,,,,,,
0.9640821729903023,,,,,,,,,,,,,,,,,,,,,,,,,
0.8956967080696954,,,,,,,,,,,,,,,,,,,,,,,,,
0.15796305275123576,,,,,,,,,,,,,,,,,,,,,,,,,
0.12914143895499694,,,,,,,,,,,,,,,,,,,,,,,,,
0.47739865696384687,,,,,,,,,,,,,,,,,,,,,,,,,
0.9004716565178359,,,,,,,,,,,,,,,,,,,,,,,,,
0.17108276058522132,,,,,,,,,,,,,,,,,,,,,,,,,
0.6294069908515418,,,,,,,,,,,,,,,,,,,,,,,,,
0.9254253108390108,,,,,,,,,,,,,,,,,,,,,,,,,
0.3943884429705264,,,,,,,,,,,,,,,,,,,,,,,,,
0.9442008902518334,,,,,,,,,,,,,,,,,,,,,,,,,
0.03148872350915175,,,,,,,,,,,,,,,,,,,,,,,,,
0.9355776207068439,,,,,,,,,,,,,,,,,,,,,,,,,
0.14845361973048293,,,,,,,,,,,,,,,,,,,,,,,,,
0.28236536573433174,,,,,,,,,,,,,,,,,,,,,,,,,
0.04210536530091249,,,,,,,,,,,,,,,,,,,,,,,,,
0.06377591828973078,,,,,,,,,,,,,,,,,,,,,,,,,
0.0719080996983202,,,,,,,,,,,,,,,,,,,,,,,,,
0.457508804999598,,,,,,,,,,,,,,,,,,,,,,,,,
0.7555856067564223,,,,,,,,,,,,,,,,,,,,,,,,,
0.37142569425811855,,,,,,,,,,,,,,,,,,,,,,,,,
0.39511199434183136,,,,,,,,,,,,,,,,,,,,,,,,,
0.5823643215522282,,,,,,,,,,,,,,,,,,,,,,,,,
0.6377373792511465,,,,,,,,,,,,,,,,,,,,,,,,,
0.09742286973997484,,,,,,,,,,,,,,,,,,,,,,,,,
0.09770697406427216,,,,,,,,,,,,,,,,,,,,,,,,,
0.07122765587520653,,,,,,,,,,,,,,,,,,,,,,,,,
0.5405433125726964,,,,,,,,,,,,,,,,,,,,,,,,,
0.05108066095884878,,,,,,,,,,,,,,,,,,,,,,,,,
0.8762108458952885,,,,,,,,,,,,,,,,,,,,,,,,,
0.9554175869262955,,,,,,,,,,,,,,,,,,,,,,,,,
0.08013139230091973,,,,,,,,,,,,,,,,,,,,,,,,,
0.34485301459447043,,,,,,,,,,,,,,,,,,,,,,,,,
0.07538742398619702,,,,,,,,,,,,,,,,,,,,,,,,,
0.9679236737294017,,,,,,,,,,,,,,,,,,,,,,,,,
0.8315820231890916,,,,,,,,,,,,,,,,,,,,,,,,,
0.3207982589428417,,,,,,,,,,,,,,,,,,,,,,,,,
0.2386748387363691,,,,,,,,,,,,,,,,,,,,,,,,,
0.7773872575420498,,,,,,,,,,,,,,,,,,,,,,,,,
0.7533485340230615,,,,,,,,,,,,,,,,,,,,,,,,,
0.2112516782125537,,,,,,,,,,,,,,,,,,,,,,,,,
0.2112074462760932,,,,,,,,,,,,,,,,,,,,,,,,,
0.073478645562179,,,,,,,,,,,,,,,,,,,,,,,,,
0.10230254065277587,,,,,,,,,,,,,,,,,,,,,,,,,
0.052793755549904835,,,,,,,,,,,,,,,,,,,,,,,,,
0.9774421666099302,,,,,,,,,,,,,,,,,,,,,,,,,
0.11990613757702083,,,,,,,,,,,,,,,,,,,,,,,,,
0.1502517179840003,,,,,,,,,,,,,,,,,,,,,,,,,
0.1166983119185199,,,,,,,,,,,,,,,,,,,,,,,,,
0.6650447571937552,,,,,,,,,,,,,,,,,,,,,,,,,
0.9298239586205419,,,,,,,,,,,,,,,,,,,,,,,,,
0.8286087734738632,,,,,,,,,,,,,,,,,,,,,,,,,
0.6914357033315398,,,,,,,,,,,,,,,,,,,,,,,,,
0.20404450561237528,,,,,,,,,,,,,,,,,,,,,,,,,
0.4445097141166348,,,,,,,,,,,,,,,,,,,,,,,,,
0.7934853765392115,,,,,,,,,,,,,,,,,,,,,,,,,
0.6515482044669062,,,,,,,,,,,,,,,,,,,,,,,,,
0.10778497825390027,,,,,,,,,,,,,,,,,,,,,,,,,
0.5797025615974162,,,,,,,,,,,,,,,,,,,,,,,,,
0.6677674281636984,,,,,,,,,,,,,,,,,,,,,,,,,
0.9609105261801228,,,,,,,,,,,,,,,,,,,,,,,,,
0.6460456904701684,,,,,,,,,,,,,,,,,,,,,,,,,
0.06536755978927909,,,,,,,,,,,,,,,,,,,,,,,,,
0.7517189928187296,,,,,,,,,,,,,,,,,,,,,,,,,
0.15777462746209228,,,,,,,,,,,,,,,,,,,,,,,,,
0.6515482044669062,,,,,,,,,,,,,,,,,,,,,,,,,
0.6502599722505817,,,,,,,,,,,,,,,,,,,,,,,,,
0.21860681694373058,,,,,,,,,,,,,,,,,,,,,,,,,
0.15366146546865525,,,,,,,,,,,,,,,,,,,,,,,,,
0.07914823057453281,,,,,,,,,,,,,,,,,,,,,,,,,
0.1678697496430515,,,,,,,,,,,,,,,,,,,,,,,,,
0.07728094775950738,,,,,,,,,,,,,,,,,,,,,,,,,
0.6309462665279223,,,,,,,,,,,,,,,,,,,,,,,,,
0.6096757293151269,,,,,,,,,,,,,,,,,,,,,,,,,
0.5027345711326497,,,,,,,,,,,,,,,,,,,,,,,,,
0.74023852429559,,,,,,,,,,,,,,,,,,,,,,,,,
0.7397503207253555,,,,,,,,,,,,,,,,,,,,,,,,,
0.07910639093665829,,,,,,,,,,,,,,,,,,,,,,,,,
0.9167853039654755,,,,,,,,,,,,,,,,,,,,,,,,,
0.07920166784549885,,,,,,,,,,,,,,,,,,,,,,,,,
0.4103019797179398,,,,,,,,,,,,,,,,,,,,,,,,,
0.08008613652551298,,,,,,,,,,,,,,,,,,,,,,,,,
0.8034750697155231,,,,,,,,,,,,,,,,,,,,,,,,,
0.08675396876636281,,,,,,,,,,,,,,,,,,,,,,,,,
0.6437728695991135,,,,,,,,,,,,,,,,,,,,,,,,,
0.07773087485410747,,,,,,,,,,,,,,,,,,,,,,,,,
0.9372633541495525,,,,,,,,,,,,,,,,,,,,,,,,,
0.09957750128515401,,,,,,,,,,,,,,,,,,,,,,,,,
0.09113531851394949,,,,,,,,,,,,,,,,,,,,,,,,,
0.09410987949579933,,,,,,,,,,,,,,,,,,,,,,,,,
0.9213303913691789,,,,,,,,,,,,,,,,,,,,,,,,,
0.09496470699343572,,,,,,,,,,,,,,,,,,,,,,,,,
0.12356377975815884,,,,,,,,,,,,,,,,,,,,,,,,,
0.07538742398619702,,,,,,,,,,,,,,,,,,,,,,,,,
0.22279417889123018,,,,,,,,,,,,,,,,,,,,,,,,,
0.29447633208109436,,,,,,,,,,,,,,,,,,,,,,,,,
0.17068611612961715,,,,,,,,,,,,,,,,,,,,,,,,,
0.6666121784076203,,,,,,,,,,,,,,,,,,,,,,,,,
0.9255729199917536,,,,,,,,,,,,,,,,,,,,,,,,,
0.6876114679606073,,,,,,,,,,,,,,,,,,,,,,,,,
0.9226102749289694,,,,,,,,,,,,,,,,,,,,,,,,,
0.11412491068446069,,,,,,,,,,,,,,,,,,,,,,,,,
0.11447352171922277,,,,,,,,,,,,,,,,,,,,,,,,,
0.5318483005395924,,,,,,,,,,,,,,,,,,,,,,,,,
0.46227379087311876,,,,,,,,,,,,,,,,,,,,,,,,,
0.8287420378883308,,,,,,,,,,,,,,,,,,,,,,,,,
0.8256053640151246,,,,,,,,,,,,,,,,,,,,,,,,,
0.04838923877496521,,,,,,,,,,,,,,,,,,,,,,,,,
0.9505223061219895,,,,,,,,,,,,,,,,,,,,,,,,,
0.08890528729022924,,,,,,,,,,,,,,,,,,,,,,,,,
0.09113531851394949,,,,,,,,,,,,,,,,,,,,,,,,,
0.5906266752660853,,,,,,,,,,,,,,,,,,,,,,,,,
0.08698710474469545,,,,,,,,,,,,,,,,,,,,,,,,,
0.4556545066872437,,,,,,,,,,,,,,,,,,,,,,,,,
0.09599730581506287,,,,,,,,,,,,,,,,,,,,,,,,,
0.09947934569707985,,,,,,,,,,,,,,,,,,,,,,,,,
0.07991355429222212,,,,,,,,,,,,,,,,,,,,,,,,,
0.43275922146986107,,,,,,,,,,,,,,,,,,,,,,,,,
0.42568338248344634,,,,,,,,,,,,,,,,,,,,,,,,,
0.07460707365897137,,,,,,,,,,,,,,,,,,,,,,,,,
0.05869341486581211,,,,,,,,,,,,,,,,,,,,,,,,,
0.0993960020715292,,,,,,,,,,,,,,,,,,,,,,,,,
0.13388564282616258,,,,,,,,,,,,,,,,,,,,,,,,,
0.17441848736471838,,,,,,,,,,,,,,,,,,,,,,,,,
0.6230515876200716,,,,,,,,,,,,,,,,,,,,,,,,,
0.006065126682217217,,,,,,,,,,,,,,,,,,,,,,,,,
0.09985714606335457,,,,,,,,,,,,,,,,,,,,,,,,,
0.9049926306424155,,,,,,,,,,,,,,,,,,,,,,,,,
0.23251984855370011,,,,,,,,,,,,,,,,,,,,,,,,,
0.1746588178910904,,,,,,,,,,,,,,,,,,,,,,,,,
0.47861426317875866,,,,,,,,,,,,,,,,,,,,,,,,,
0.022256846602814753,,,,,,,,,,,,,,,,,,,,,,,,,
0.6288132977032306,,,,,,,,,,,,,,,,,,,,,,,,,
0.10499671857850919,,,,,,,,,,,,,,,,,,,,,,,,,
0.26986046152401755,,,,,,,,,,,,,,,,,,,,,,,,,
0.13871468964744485,,,,,,,,,,,,,,,,,,,,,,,,,
0.9722007454730489,,,,,,,,,,,,,,,,,,,,,,,,,
0.11517806693226211,,,,,,,,,,,,,,,,,,,,,,,,,
0.039913802224804305,,,,,,,,,,,,,,,,,,,,,,,,,
0.5935297765325198,,,,,,,,,,,,,,,,,,,,,,,,,
0.12937265740101841,,,,,,,,,,,,,,,,,,,,,,,,,
0.0992666404591874,,,,,,,,,,,,,,,,,,,,,,,,,
0.9533003312963718,,,,,,,,,,,,,,,,,,,,,,,,,
0.6228329809975264,,,,,,,,,,,,,,,,,,,,,,,,,
0.4169623642617253,,,,,,,,,,,,,,,,,,,,,,,,,
0.6177202114538645,,,,,,,,,,,,,,,,,,,,,,,,,
0.6665636890490688,,,,,,,,,,,,,,,,,,,,,,,,,
0.6433926222005084,,,,,,,,,,,,,,,,,,,,,,,,,
0.754586951240738,,,,,,,,,,,,,,,,,,,,,,,,,
0.07883844672004588,,,,,,,,,,,,,,,,,,,,,,,,,
0.19913033009032374,,,,,,,,,,,,,,,,,,,,,,,,,
0.647584754581498,,,,,,,,,,,,,,,,,,,,,,,,,
0.38192585034321475,,,,,,,,,,,,,,,,,,,,,,,,,
0.02789511237768342,,,,,,,,,,,,,,,,,,,,,,,,,
0.9374855343653444,,,,,,,,,,,,,,,,,,,,,,,,,
0.6310958153756211,,,,,,,,,,,,,,,,,,,,,,,,,
0.07902851504187998,,,,,,,,,,,,,,,,,,,,,,,,,
0.13215219354369295,,,,,,,,,,,,,,,,,,,,,,,,,
0.06803340244753504,,,,,,,,,,,,,,,,,,,,,,,,,
0.11485554713364102,,,,,,,,,,,,,,,,,,,,,,,,,
0.008016146099155266,,,,,,,,,,,,,,,,,,,,,,,,,
0.703895547396068,,,,,,,,,,,,,,,,,,,,,,,,,
0.7698089500110352,,,,,,,,,,,,,,,,,,,,,,,,,
0.2212193427176845,,,,,,,,,,,,,,,,,,,,,,,,,
0.8173856868313193,,,,,,,,,,,,,,,,,,,,,,,,,
0.9552714612153875,,,,,,,,,,,,,,,,,,,,,,,,,
0.1321864365359786,,,,,,,,,,,,,,,,,,,,,,,,,
0.4791960365346538,,,,,,,,,,,,,,,,,,,,,,,,,
0.9797489125147817,,,,,,,,,,,,,,,,,,,,,,,,,
0.09113531851394949,,,,,,,,,,,,,,,,,,,,,,,,,
0.9836732700267237,,,,,,,,,,,,,,,,,,,,,,,,,
0.10264938126788808,,,,,,,,,,,,,,,,,,,,,,,,,
0.6786780339819372,,,,,,,,,,,,,,,,,,,,,,,,,
0.050360517049888316,,,,,,,,,,,,,,,,,,,,,,,,,
0.02521785575362723,,,,,,,,,,,,,,,,,,,,,,,,,
0.12179894155634031,,,,,,,,,,,,,,,,,,,,,,,,,
0.09925937139892695,,,,,,,,,,,,,,,,,,,,,,,,,
0.2693456581988694,,,,,,,,,,,,,,,,,,,,,,,,,
0.5090551195515787,,,,,,,,,,,,,,,,,,,,,,,,,
0.0790675037487902,,,,,,,,,,,,,,,,,,,,,,,,,
0.7368252002393918,,,,,,,,,,,,,,,,,,,,,,,,,
0.07766418062932769,,,,,,,,,,,,,,,,,,,,,,,,,
0.9795640077707445,,,,,,,,,,,,,,,,,,,,,,,,,
0.6573542054709904,,,,,,,,,,,,,,,,,,,,,,,,,
0.1566708640181952,,,,,,,,,,,,,,,,,,,,,,,,,
0.738161784092835,,,,,,,,,,,,,,,,,,,,,,,,,
0.6747177640749088,,,,,,,,,,,,,,,,,,,,,,,,,
0.5700864793602946,,,,,,,,,,,,,,,,,,,,,,,,,
0.5947537832714791,,,,,,,,,,,,,,,,,,,,,,,,,
0.7103367199291721,,,,,,,,,,,,,,,,,,,,,,,,,
0.1770517366592155,,,,,,,,,,,,,,,,,,,,,,,,,
0.35798900144948,,,,,,,,,,,,,,,,,,,,,,,,,
0.5732601948755085,,,,,,,,,,,,,,,,,,,,,,,,,
0.18147456555800828,,,,,,,,,,,,,,,,,,,,,,,,,
0.9303426521905372,,,,,,,,,,,,,,,,,,,,,,,,,
0.09675442498743816,,,,,,,,,,,,,,,,,,,,,,,,,
0.08512099017982797,,,,,,,,,,,,,,,,,,,,,,,,,
0.07885570837101766,,,,,,,,,,,,,,,,,,,,,,,,,
0.2696311989937045,,,,,,,,,,,,,,,,,,,,,,,,,
0.6558386002363227,,,,,,,,,,,,,,,,,,,,,,,,,
0.059839302620033036,,,,,,,,,,,,,,,,,,,,,,,,,
0.36651425668956283,,,,,,,,,,,,,,,,,,,,,,,,,
0.6667178075045617,,,,,,,,,,,,,,,,,,,,,,,,,
0.1293795976849381,,,,,,,,,,,,,,,,,,,,,,,,,
0.9468876345181242,,,,,,,,,,,,,,,,,,,,,,,,,
0.07920166784549885,,,,,,,,,,,,,,,,,,,,,,,,,
0.7206336002857063,,,,,,,,,,,,,,,,,,,,,,,,,
0.10785548521301926,,,,,,,,,,,,,,,,,,,,,,,,,
0.9452124792588701,,,,,,,,,,,,,,,,,,,,,,,,,
0.08940450265999776,,,,,,,,,,,,,,,,,,,,,,,,,
0.9194068734221328,,,,,,,,,,,,,,,,,,,,,,,,,
0.878344416856023,,,,,,,,,,,,,,,,,,,,,,,,,
0.10209422616421422,,,,,,,,,,,,,,,,,,,,,,,,,
0.6665813315547552,,,,,,,,,,,,,,,,,,,,,,,,,
0.06503754314237016,,,,,,,,,,,,,,,,,,,,,,,,,
0.11283164800869787,,,,,,,,,,,,,,,,,,,,,,,,,
0.2795468706065856,,,,,,,,,,,,,,,,,,,,,,,,,
0.8829387771278854,,,,,,,,,,,,,,,,,,,,,,,,,
0.06963123588525041,,,,,,,,,,,,,,,,,,,,,,,,,
0.09118619914610802,,,,,,,,,,,,,,,,,,,,,,,,,
0.3246816390749245,,,,,,,,,,,,,,,,,,,,,,,,,
0.09190548495611832,,,,,,,,,,,,,,,,,,,,,,,,,
0.3508434320109769,,,,,,,,,,,,,,,,,,,,,,,,,
0.1582075888050151,,,,,,,,,,,,,,,,,,,,,,,,,
0.630556102300208,,,,,,,,,,,,,,,,,,,,,,,,,
0.9424617517141465,,,,,,,,,,,,,,,,,,,,,,,,,
0.8973954396840009,,,,,,,,,,,,,,,,,,,,,,,,,
0.6616841235379162,,,,,,,,,,,,,,,,,,,,,,,,,
0.5317479550753801,,,,,,,,,,,,,,,,,,,,,,,,,
0.07914535518417667,,,,,,,,,,,,,,,,,,,,,,,,,
0.7513261576906746,,,,,,,,,,,,,,,,,,,,,,,,,
0.38932836033204526,,,,,,,,,,,,,,,,,,,,,,,,,
0.9033970147852324,,,,,,,,,,,,,,,,,,,,,,,,,
0.05898441827418205,,,,,,,,,,,,,,,,,,,,,,,,,
0.8287420378883308,,,,,,,,,,,,,,,,,,,,,,,,,
0.9011566886577508,,,,,,,,,,,,,,,,,,,,,,,,,
0.6356871739247183,,,,,,,,,,,,,,,,,,,,,,,,,
0.11072393637833196,,,,,,,,,,,,,,,,,,,,,,,,,
0.4849373178481076,,,,,,,,,,,,,,,,,,,,,,,,,
0.10002357999065767,,,,,,,,,,,,,,,,,,,,,,,,,
0.07931716382440776,,,,,,,,,,,,,,,,,,,,,,,,,
0.07902851504187998,,,,,,,,,,,,,,,,,,,,,,,,,
0.07538742398619702,,,,,,,,,,,,,,,,,,,,,,,,,
0.0892137871788183,,,,,,,,,,,,,,,,,,,,,,,,,
0.7910535831188037,,,,,,,,,,,,,,,,,,,,,,,,,
0.10772977154107559,,,,,,,,,,,,,,,,,,,,,,,,,
0.03866502791782618,,,,,,,,,,,,,,,,,,,,,,,,,
0.10776596386330217,,,,,,,,,,,,,,,,,,,,,,,,,
0.9259482878512028,,,,,,,,,,,,,,,,,,,,,,,,,
0.5882639531161902,,,,,,,,,,,,,,,,,,,,,,,,,
0.1872556590630952,,,,,,,,,,,,,,,,,,,,,,,,,
0.07914823057453281,,,,,,,,,,,,,,,,,,,,,,,,,
0.24572746560146122,,,,,,,,,,,,,,,,,,,,,,,,,
0.07902851504187998,,,,,,,,,,,,,,,,,,,,,,,,,
0.6316659230529392,,,,,,,,,,,,,,,,,,,,,,,,,
0.12029125430325685,,,,,,,,,,,,,,,,,,,,,,,,,
0.34103178992519434,,,,,,,,,,,,,,,,,,,,,,,,,
0.09113531851394949,,,,,,,,,,,,,,,,,,,,,,,,,
0.9734469952726749,,,,,,,,,,,,,,,,,,,,,,,,,
0.5640110532462653,,,,,,,,,,,,,,,,,,,,,,,,,
0.09543755895034611,,,,,,,,,,,,,,,,,,,,,,,,,
0.7090705132581793,,,,,,,,,,,,,,,,,,,,,,,,,
0.16429137263723348,,,,,,,,,,,,,,,,,,,,,,,,,
0.06960719890184225,,,,,,,,,,,,,,,,,,,,,,,,,
0.10822533921534691,,,,,,,,,,,,,,,,,,,,,,,,,
0.1905771768926126,,,,,,,,,,,,,,,,,,,,,,,,,
0.6237351074931803,,,,,,,,,,,,,,,,,,,,,,,,,
0.5880594367085098,,,,,,,,,,,,,,,,,,,,,,,,,
0.6665813315547552,,,,,,,,,,,,,,,,,,,,,,,,,
0.6331886491824108,,,,,,,,,,,,,,,,,,,,,,,,,
0.5394211400678204,,,,,,,,,,,,,,,,,,,,,,,,,
0.07125466170170086,,,,,,,,,,,,,,,,,,,,,,,,,
0.078924789538654,,,,,,,,,,,,,,,,,,,,,,,,,
0.4282001079981149,,,,,,,,,,,,,,,,,,,,,,,,,
0.4191779560019008,,,,,,,,,,,,,,,,,,,,,,,,,
0.07920166784549885,,,,,,,,,,,,,,,,,,,,,,,,,
0.2822556723260515,,,,,,,,,,,,,,,,,,,,,,,,,
0.8378493310351204,,,,,,,,,,,,,,,,,,,,,,,,,
0.11485554713364102,,,,,,,,,,,,,,,,,,,,,,,,,
0.3932113278791501,,,,,,,,,,,,,,,,,,,,,,,,,
0.07196567753863324,,,,,,,,,,,,,,,,,,,,,,,,,
0.07793329263506367,,,,,,,,,,,,,,,,,,,,,,,,,
0.7759077935555069,,,,,,,,,,,,,,,,,,,,,,,,,
0.05128651105160304,,,,,,,,,,,,,,,,,,,,,,,,,
0.26070782108712154,,,,,,,,,,,,,,,,,,,,,,,,,
0.0867273096961593,,,,,,,,,,,,,,,,,,,,,,,,,
0.06588351738962382,,,,,,,,,,,,,,,,,,,,,,,,,
0.40879348473892835,,,,,,,,,,,,,,,,,,,,,,,,,
0.08453492916128222,,,,,,,,,,,,,,,,,,,,,,,,,
0.08264082991024262,,,,,,,,,,,,,,,,,,,,,,,,,
0.8437656222929905,,,,,,,,,,,,,,,,,,,,,,,,,
0.8206521860752425,,,,,,,,,,,,,,,,,,,,,,,,,
0.1960125974577825,,,,,,,,,,,,,,,,,,,,,,,,,
0.6909693306202277,,,,,,,,,,,,,,,,,,,,,,,,,
0.17911720950268323,,,,,,,,,,,,,,,,,,,,,,,,,
0.5876421121087353,,,,,,,,,,,,,,,,,,,,,,,,,
0.11714615250046406,,,,,,,,,,,,,,,,,,,,,,,,,
0.15036384814224193,,,,,,,,,,,,,,,,,,,,,,,,,
0.07903716445683286,,,,,,,,,,,,,,,,,,,,,,,,,
0.5584910894294364,,,,,,,,,,,,,,,,,,,,,,,,,
0.9607057038946769,,,,,,,,,,,,,,,,,,,,,,,,,
0.6976661466162372,,,,,,,,,,,,,,,,,,,,,,,,,
0.3633695947370368,,,,,,,,,,,,,,,,,,,,,,,,,
0.20487862745802904,,,,,,,,,,,,,,,,,,,,,,,,,
0.091609371891189,,,,,,,,,,,,,,,,,,,,,,,,,
0.09189331915156032,,,,,,,,,,,,,,,,,,,,,,,,,
0.09410987949579933,,,,,,,,,,,,,,,,,,,,,,,,,
0.47352712137994707,,,,,,,,,,,,,,,,,,,,,,,,,
0.29063004804286413,,,,,,,,,,,,,,,,,,,,,,,,,
0.2658713979468199,,,,,,,,,,,,,,,,,,,,,,,,,
0.8957530587155065,,,,,,,,,,,,,,,,,,,,,,,,,
0.1017697097350597,,,,,,,,,,,,,,,,,,,,,,,,,
0.7366683341503114,,,,,,,,,,,,,,,,,,,,,,,,,
0.6128922255543444,,,,,,,,,,,,,,,,,,,,,,,,,
0.11353111589389482,,,,,,,,,,,,,,,,,,,,,,,,,
0.19713171552877823,,,,,,,,,,,,,,,,,,,,,,,,,
0.6485578028698717,,,,,,,,,,,,,,,,,,,,,,,,,
0.4367202729611734,,,,,,,,,,,,,,,,,,,,,,,,,
0.1148535175494509,,,,,,,,,,,,,,,,,,,,,,,,,
0.9171863074002138,,,,,,,,,,,,,,,,,,,,,,,,,
0.07580024421082766,,,,,,,,,,,,,,,,,,,,,,,,,
0.30431546428702794,,,,,,,,,,,,,,,,,,,,,,,,,
0.14994852881222012,,,,,,,,,,,,,,,,,,,,,,,,,
0.04964224867660471,,,,,,,,,,,,,,,,,,,,,,,,,
0.1920674288492497,,,,,,,,,,,,,,,,,,,,,,,,,
0.8060236596655409,,,,,,,,,,,,,,,,,,,,,,,,,
0.20981935394924156,,,,,,,,,,,,,,,,,,,,,,,,,
0.07974916547852452,,,,,,,,,,,,,,,,,,,,,,,,,
0.002945623847577599,,,,,,,,,,,,,,,,,,,,,,,,,
0.9925894580938215,,,,,,,,,,,,,,,,,,,,,,,,,
0.5540679123429254,,,,,,,,,,,,,,,,,,,,,,,,,
0.670634535716293,,,,,,,,,,,,,,,,,,,,,,,,,
0.17441848736471838,,,,,,,,,,,,,,,,,,,,,,,,,
0.7707047870491038,,,,,,,,,,,,,,,,,,,,,,,,,
0.1836023808153028,,,,,,,,,,,,,,,,,,,,,,,,,
0.7327393430802968,,,,,,,,,,,,,,,,,,,,,,,,,
0.9746370400434071,,,,,,,,,,,,,,,,,,,,,,,,,
0.14888983658690996,,,,,,,,,,,,,,,,,,,,,,,,,
0.26375216442122523,,,,,,,,,,,,,,,,,,,,,,,,,
0.03991599581518929,,,,,,,,,,,,,,,,,,,,,,,,,
0.7428404989229707,,,,,,,,,,,,,,,,,,,,,,,,,
0.4682417225161122,,,,,,,,,,,,,,,,,,,,,,,,,
0.788677415153874,,,,,,,,,,,,,,,,,,,,,,,,,
0.07914247988930327,,,,,,,,,,,,,,,,,,,,,,,,,
0.07538742398619702,,,,,,,,,,,,,,,,,,,,,,,,,
0.6468294461781254,,,,,,,,,,,,,,,,,,,,,,,,,
0.030712054911230663,,,,,,,,,,,,,,,,,,,,,,,,,
0.8629277698801547,,,,,,,,,,,,,,,,,,,,,,,,,
0.8770720786945297,,,,,,,,,,,,,,,,,,,,,,,,,
0.09192960155720048,,,,,,,,,,,,,,,,,,,,,,,,,
0.9842066858709102,,,,,,,,,,,,,,,,,,,,,,,,,
0.0882572631323442,,,,,,,,,,,,,,,,,,,,,,,,,
0.07728233747005933,,,,,,,,,,,,,,,,,,,,,,,,,
0.8424697261488443,,,,,,,,,,,,,,,,,,,,,,,,,
0.905954982110298,,,,,,,,,,,,,,,,,,,,,,,,,
0.22694046892871822,,,,,,,,,,,,,,,,,,,,,,,,,
0.13197674189780964,,,,,,,,,,,,,,,,,,,,,,,,,
0.9828804258735447,,,,,,,,,,,,,,,,,,,,,,,,,
0.27694789158622213,,,,,,,,,,,,,,,,,,,,,,,,,
0.10951024969704279,,,,,,,,,,,,,,,,,,,,,,,,,
0.8735363806996492,,,,,,,,,,,,,,,,,,,,,,,,,
0.9326541974673261,,,,,,,,,,,,,,,,,,,,,,,,,
0.3992013736007121,,,,,,,,,,,,,,,,,,,,,,,,,
0.44749164144008874,,,,,,,,,,,,,,,,,,,,,,,,,
0.22141689583161017,,,,,,,,,,,,,,,,,,,,,,,,,
0.18859976060248945,,,,,,,,,,,,,,,,,,,,,,,,,
0.09113531851394949,,,,,,,,,,,,,,,,,,,,,,,,,
0.10821155166866385,,,,,,,,,,,,,,,,,,,,,,,,,
0.7439874864829298,,,,,,,,,,,,,,,,,,,,,,,,,
0.7586542638384165,,,,,,,,,,,,,,,,,,,,,,,,,
0.32048011849088553,,,,,,,,,,,,,,,,,,,,,,,,,
0.5613881408782689,,,,,,,,,,,,,,,,,,,,,,,,,
0.09936230769189862,,,,,,,,,,,,,,,,,,,,,,,,,
0.0768054447915436,,,,,,,,,,,,,,,,,,,,,,,,,
0.10281539415758457,,,,,,,,,,,,,,,,,,,,,,,,,
0.3292745259797127,,,,,,,,,,,,,,,,,,,,,,,,,
0.5662097412641289,,,,,,,,,,,,,,,,,,,,,,,,,
0.9497625138403423,,,,,,,,,,,,,,,,,,,,,,,,,
0.5339486602660717,,,,,,,,,,,,,,,,,,,,,,,,,
0.0999460787795419,,,,,,,,,,,,,,,,,,,,,,,,,
0.016990853350918277,,,,,,,,,,,,,,,,,,,,,,,,,
0.9553052812119143,,,,,,,,,,,,,,,,,,,,,,,,,
0.11384976046702763,,,,,,,,,,,,,,,,,,,,,,,,,
0.9350572239891981,,,,,,,,,,,,,,,,,,,,,,,,,
0.10487394531585698,,,,,,,,,,,,,,,,,,,,,,,,,
0.09447785596582726,,,,,,,,,,,,,,,,,,,,,,,,,
0.937941407268562,,,,,,,,,,,,,,,,,,,,,,,,,
0.08710575862977654,,,,,,,,,,,,,,,,,,,,,,,,,
0.9008860940360471,,,,,,,,,,,,,,,,,,,,,,,,,
0.3924576975666724,,,,,,,,,,,,,,,,,,,,,,,,,
0.447705891422296,,,,,,,,,,,,,,,,,,,,,,,,,
0.8027247086184144,,,,,,,,,,,,,,,,,,,,,,,,,
0.12472018999073829,,,,,,,,,,,,,,,,,,,,,,,,,
0.32057373938176636,,,,,,,,,,,,,,,,,,,,,,,,,
0.8691270376715532,,,,,,,,,,,,,,,,,,,,,,,,,
0.5243184905475256,,,,,,,,,,,,,,,,,,,,,,,,,
0.6191353048486202,,,,,,,,,,,,,,,,,,,,,,,,,
0.9296630229126174,,,,,,,,,,,,,,,,,,,,,,,,,
0.5868362681602786,,,,,,,,,,,,,,,,,,,,,,,,,
0.06536755978927909,,,,,,,,,,,,,,,,,,,,,,,,,
0.9146610032140106,,,,,,,,,,,,,,,,,,,,,,,,,
0.054701281682239714,,,,,,,,,,,,,,,,,,,,,,,,,
0.07920166784549885,,,,,,,,,,,,,,,,,,,,,,,,,
0.6614008213845556,,,,,,,,,,,,,,,,,,,,,,,,,
,3.0,34.5,0.0,0.0,7.8292,False,True,False,True,False,False,False,False,False,False,False,False,False,False,False,0.0,1.0,0.0,1.0,0.0
,3.0,47.0,1.0,0.0,7.0,False,True,False,False,True,False,False,False,False,False,False,False,False,False,False,1.0,0.0,0.0,0.0,1.0
,2.0,62.0,0.0,0.0,9.6875,False,True,False,True,False,False,False,False,False,False,False,False,False,False,False,0.0,1.0,0.0,1.0,0.0
,3.0,27.0,0.0,0.0,8.6625,False,True,False,True,False,False,False,False,False,False,False,False,False,False,False,0.0,1.0,0.0,0.0,1.0
,3.0,22.0,1.0,1.0,12.2875,False,True,False,False,True,False,False,False,False,False,False,False,False,False,False,1.0,0.0,0.0,0.0,1.0
,3.0,14.0,0.0,0.0,9.225,True,True,False,True,False,False,False,False,False,False,False,False,False,False,False,0.0,1.0,0.0,0.0,1.0
,3.0,30.0,0.0,0.0,7.6292,False,True,False,False,False,True,False,False,False,False,False,False,False,False,False,1.0,0.0,0.0,1.0,0.0
,2.0,26.0,1.0,1.0,29.0,False,True,False,True,False,False,False,False,False,False,False,False,False,False,False,0.0,1.0,0.0,0.0,1.0
,3.0,18.0,0.0,0.0,7.2292,False,True,False,False,True,False,False,False,False,False,False,False,False,False,False,1.0,0.0,1.0,0.0,0.0
,3.0,21.0,2.0,0.0,24.15,False,True,False,True,False,False,False,False,False,False,False,False,False,False,False,0.0,1.0,0.0,0.0,1.0
,3.0,32.32337883959045,0.0,0.0,7.8958,False,True,False,True,False,False,False,False,False,False,False,False,False,False,False,0.0,1.0,0.0,0.0,1.0
,1.0,46.0,0.0,0.0,26.0,False,True,False,True,False,False,False,False,False,False,False,False,False,False,False,0.0,1.0,0.0,0.0,1.0
,1.0,23.0,1.0,0.0,82.2667,False,False,False,False,True,False,False,False,False,True,False,False,False,False,False,1.0,0.0,0.0,0.0,1.0
,2.0,63.0,1.0,0.0,26.0,False,True,False,True,False,False,False,False,False,False,False,False,False,False,False,0.0,1.0,0.0,0.0,1.0
,1.0,47.0,1.0,0.0,61.175,False,False,False,False,True,False,False,False,False,False,False,False,True,False,False,1.0,0.0,0.0,0.0,1.0
,2.0,24.0,1.0,0.0,27.7208,False,True,False,False,True,False,False,False,False,False,False,False,False,False,False,1.0,0.0,1.0,0.0,0.0
,2.0,35.0,0.0,0.0,12.35,False,True,False,True,False,False,False,False,False,False,False,False,False,False,False,0.0,1.0,0.0,1.0,0.0
,3.0,21.0,0.0,0.0,7.225,True,True,False,True,False,False,False,False,False,False,False,False,False,False,False,0.0,1.0,1.0,0.0,0.0
,3.0,27.0,1.0,0.0,7.925,False,True,False,False,False,True,False,False,False,False,False,False,False,False,False,1.0,0.0,0.0,0.0,1.0
,3.0,45.0,0.0,0.0,7.225,True,True,False,False,True,False,True,False,False,False,False,False,False,False,False,1.0,0.0,1.0,0.0,0.0
,1.0,55.0,1.0,0.0,59.4,False,True,False,True,False,False,False,False,False,False,False,False,False,False,False,0.0,1.0,1.0,0.0,0.0
,3.0,9.0,0.0,1.0,3.1708,False,True,True,False,False,False,False,False,False,False,False,False,False,False,False,0.0,1.0,0.0,0.0,1.0
,1.0,37.06432748538012,0.0,0.0,31.6833,False,True,False,False,True,False,False,False,False,False,False,False,False,False,False,1.0,0.0,0.0,0.0,1.0
,1.0,21.0,0.0,1.0,61.3792,False,True,False,True,False,False,False,False,False,False,False,False,False,False,False,0.0,1.0,1.0,0.0,0.0
,1.0,48.0,1.0,3.0,262.375,False,False,False,False,True,False,False,False,False,True,False,False,False,False,False,1.0,0.0,1.0,0.0,0.0
,3.0,50.0,1.0,0.0,14.5,False,True,False,True,False,False,False,False,False,False,False,False,False,False,False,0.0,1.0,0.0,0.0,1.0
,1.0,22.0,0.0,1.0,61.9792,True,False,False,False,False,True,False,False,False,True,False,False,False,False,False,1.0,0.0,1.0,0.0,0.0
,3.0,22.5,0.0,0.0,7.225,False,True,False,True,False,False,False,False,False,False,False,False,False,False,False,0.0,1.0,1.0,0.0,0.0
,1.0,41.0,0.0,0.0,30.5,True,False,False,True,False,False,False,False,True,False,False,False,False,False,False,0.0,1.0,0.0,0.0,1.0
,3.0,32.32337883959045,2.0,0.0,21.6792,True,True,False,True,False,False,False,False,False,False,False,False,False,False,False,0.0,1.0,1.0,0.0,0.0
,2.0,50.0,1.0,0.0,26.0,False,True,False,True,False,False,False,False,False,False,False,False,False,False,False,0.0,1.0,0.0,0.0,1.0
,2.0,24.0,2.0,0.0,31.5,True,True,False,True,False,False,False,False,False,False,False,False,False,False,False,0.0,1.0,0.0,0.0,1.0
,3.0,33.0,1.0,2.0,20.575,True,True,False,False,True,False,False,False,False,False,False,False,False,False,False,1.0,0.0,0.0,0.0,1.0
,3.0,37.06432748538012,1.0,2.0,23.45,False,True,False,False,True,False,True,False,False,False,False,False,False,False,False,1.0,0.0,0.0,0.0,1.0
,1.0,30.0,1.0,0.0,57.75,False,False,False,True,False,False,False,False,False,False,True,False,False,False,False,0.0,1.0,1.0,0.0,0.0
,3.0,18.5,0.0,0.0,7.2292,False,True,False,True,False,False,True,False,False,False,False,False,False,False,False,0.0,1.0,1.0,0.0,0.0
,3.0,21.774238095238093,0.0,0.0,8.05,True,True,False,False,False,True,False,False,False,False,False,False,False,False,False,1.0,0.0,0.0,0.0,1.0
,3.0,21.0,0.0,0.0,8.6625,False,True,False,False,False,True,False,False,False,False,False,False,False,False,False,1.0,0.0,0.0,0.0,1.0
,3.0,25.0,0.0,0.0,9.5,False,True,False,True,False,False,False,False,False,False,False,False,False,False,False,0.0,1.0,0.0,0.0,1.0
,3.0,32.32337883959045,0.0,0.0,56.4958,False,True,False,True,False,False,False,False,False,False,False,False,False,False,False,0.0,1.0,0.0,0.0,1.0
,3.0,39.0,0.0,1.0,13.4167,False,True,False,True,False,False,False,False,False,False,False,False,False,False,False,0.0,1.0,1.0,0.0,0.0
,1.0,32.32337883959045,0.0,0.0,26.55,False,False,False,True,False,False,False,False,False,False,False,True,False,False,False,0.0,1.0,0.0,0.0,1.0
,3.0,41.0,0.0,0.0,7.85,True,True,False,True,False,False,False,False,False,False,False,False,False,False,False,0.0,1.0,0.0,0.0,1.0
,2.0,30.0,0.0,0.0,13.0,False,True,False,False,True,False,False,False,False,False,False,False,False,False,False,1.0,0.0,0.0,0.0,1.0
,1.0,45.0,1.0,0.0,52.5542,False,False,False,False,True,False,False,False,False,False,False,True,False,False,False,1.0,0.0,0.0,0.0,1.0
,3.0,25.0,0.0,0.0,7.925,True,True,False,True,False,False,False,False,False,False,False,False,False,False,False,0.0,1.0,0.0,0.0,1.0
,1.0,45.0,0.0,0.0,29.7,True,False,False,True,False,False,False,False,True,False,False,False,False,False,False,0.0,1.0,1.0,0.0,0.0
,3.0,32.32337883959045,0.0,0.0,7.75,True,True,False,True,False,False,False,False,False,False,False,False,False,False,False,0.0,1.0,0.0,1.0,0.0
,1.0,60.0,0.0,0.0,76.2917,True,False,False,False,True,False,False,False,False,False,False,True,False,False,False,1.0,0.0,1.0,0.0,0.0
,3.0,36.0,0.0,2.0,15.9,False,True,False,False,True,False,True,False,False,False,False,False,False,False,False,1.0,0.0,0.0,0.0,1.0
,1.0,24.0,1.0,0.0,60.0,False,False,False,True,False,False,False,False,False,False,True,False,False,False,False,0.0,1.0,0.0,0.0,1.0
,2.0,27.0,0.0,0.0,15.0333,False,True,False,True,False,False,False,False,False,False,False,False,False,False,False,0.0,1.0,1.0,0.0,0.0
,2.0,20.0,2.0,1.0,23.0,False,True,False,False,False,True,True,False,False,False,False,False,False,False,False,1.0,0.0,0.0,0.0,1.0
,1.0,28.0,3.0,2.0,263.0,False,False,False,False,False,True,False,False,False,False,True,False,False,False,False,1.0,0.0,0.0,0.0,1.0
,2.0,32.32337883959045,0.0,0.0,15.5792,False,True,False,True,False,False,False,False,False,False,False,False,False,False,False,0.0,1.0,1.0,0.0,0.0
,3.0,10.0,4.0,1.0,29.125,True,True,True,False,False,False,False,False,False,False,False,False,False,False,False,0.0,1.0,0.0,1.0,0.0
,3.0,35.0,0.0,0.0,7.8958,False,True,False,True,False,False,False,False,False,False,False,False,False,False,False,0.0,1.0,0.0,0.0,1.0
,3.0,25.0,0.0,0.0,7.65,False,False,False,True,False,False,False,False,False,False,False,False,False,True,True,0.0,1.0,0.0,0.0,1.0
,3.0,32.32337883959045,1.0,0.0,16.1,False,True,False,True,False,False,False,False,False,False,False,False,False,False,False,0.0,1.0,0.0,0.0,1.0
,1.0,36.0,0.0,0.0,262.375,False,False,False,False,False,True,False,False,False,True,False,False,False,False,False,1.0,0.0,1.0,0.0,0.0
,3.0,17.0,0.0,0.0,7.8958,False,True,False,True,False,False,False,False,False,False,False,False,False,False,False,0.0,1.0,0.0,0.0,1.0
,2.0,32.0,0.0,0.0,13.5,False,True,False,True,False,False,False,False,False,False,False,False,False,False,False,0.0,1.0,0.0,0.0,1.0
,3.0,18.0,0.0,0.0,7.75,False,True,False,True,False,False,False,False,False,False,False,False,False,False,False,0.0,1.0,0.0,0.0,1.0
,3.0,22.0,0.0,0.0,7.725,False,True,False,False,False,True,False,False,False,False,False,False,False,False,False,1.0,0.0,0.0,1.0,0.0
,1.0,13.0,2.0,2.0,262.375,True,False,True,False,False,False,False,False,False,True,False,False,False,False,False,0.0,1.0,1.0,0.0,0.0
,2.0,37.06432748538012,0.0,0.0,21.0,True,True,False,False,True,False,False,False,False,False,False,False,False,False,False,1.0,0.0,0.0,0.0,1.0
,3.0,18.0,0.0,0.0,7.8792,False,True,False,False,False,True,False,False,False,False,False,False,False,False,False,1.0,0.0,0.0,1.0,0.0
,1.0,47.0,0.0,0.0,42.4,False,True,False,True,False,False,False,False,False,False,False,False,False,False,False,0.0,1.0,0.0,0.0,1.0
,1.0,31.0,0.0,0.0,28.5375,False,False,False,True,False,False,False,False,False,False,True,False,False,False,False,0.0,1.0,1.0,0.0,0.0
,1.0,60.0,1.0,4.0,263.0,False,False,False,False,True,False,False,False,False,False,True,False,False,False,False,1.0,0.0,0.0,0.0,1.0
,3.0,24.0,0.0,0.0,7.75,False,True,False,False,False,True,False,False,False,False,False,False,False,False,False,1.0,0.0,0.0,1.0,0.0
,3.0,21.0,0.0,0.0,7.8958,False,True,False,True,False,False,False,False,False,False,False,False,False,False,False,0.0,1.0,0.0,0.0,1.0
,3.0,29.0,0.0,0.0,7.925,False,True,False,False,False,True,False,False,False,False,False,False,False,False,False,1.0,0.0,0.0,0.0,1.0
,1.0,28.5,0.0,0.0,27.7208,False,False,False,True,False,False,False,False,False,False,False,True,False,False,False,0.0,1.0,1.0,0.0,0.0
,1.0,35.0,0.0,0.0,211.5,False,False,False,False,False,True,False,False,False,False,True,False,False,False,False,1.0,0.0,1.0,0.0,0.0
,1.0,32.5,0.0,0.0,211.5,False,False,False,True,False,False,False,False,False,False,True,False,False,False,False,0.0,1.0,1.0,0.0,0.0
,3.0,32.32337883959045,0.0,0.0,8.05,True,True,False,True,False,False,False,False,False,False,False,False,False,False,False,0.0,1.0,0.0,0.0,1.0
,1.0,55.0,2.0,0.0,25.7,True,False,False,False,True,False,False,False,False,False,True,False,False,False,False,1.0,0.0,0.0,0.0,1.0
,2.0,30.0,0.0,0.0,13.0,False,True,False,True,False,False,False,False,False,False,False,False,False,False,False,0.0,1.0,0.0,0.0,1.0
,3.0,24.0,0.0,0.0,7.75,False,True,False,False,False,True,False,False,False,False,False,False,False,False,False,1.0,0.0,0.0,1.0,0.0
,3.0,6.0,1.0,1.0,15.2458,False,True,True,False,False,False,False,False,False,False,False,False,False,False,False,0.0,1.0,1.0,0.0,0.0
,1.0,67.0,1.0,0.0,221.7792,False,False,False,True,False,False,False,False,False,False,True,False,False,False,False,0.0,1.0,0.0,0.0,1.0
,1.0,49.0,0.0,0.0,26.0,True,True,False,True,False,False,False,False,False,False,False,False,False,False,False,0.0,1.0,0.0,0.0,1.0
,3.0,32.32337883959045,0.0,0.0,7.8958,False,True,False,True,False,False,False,False,False,False,False,False,False,False,False,0.0,1.0,0.0,0.0,1.0
,2.0,32.32337883959045,0.0,0.0,10.7083,False,True,False,True,False,False,False,False,False,False,False,False,False,False,False,0.0,1.0,0.0,1.0,0.0
,3.0,32.32337883959045,1.0,0.0,14.4542,False,True,False,True,False,False,False,False,False,False,False,False,False,False,False,0.0,1.0,1.0,0.0,0.0
,3.0,27.0,0.0,0.0,7.8792,False,True,False,False,False,True,False,False,False,False,False,False,False,False,False,1.0,0.0,0.0,1.0,0.0
,3.0,18.0,0.0,0.0,8.05,True,True,False,False,False,True,False,False,False,False,False,False,False,False,False,1.0,0.0,0.0,0.0,1.0
,3.0,37.06432748538012,0.0,0.0,7.75,False,True,False,False,False,False,False,True,False,False,False,False,False,False,False,1.0,0.0,0.0,1.0,0.0
,2.0,2.0,1.0,1.0,23.0,False,True,True,False,False,False,False,False,False,False,False,False,False,False,False,0.0,1.0,0.0,0.0,1.0
,3.0,22.0,1.0,0.0,13.9,False,True,False,False,True,False,False,False,False,False,False,False,False,False,False,1.0,0.0,0.0,0.0,1.0
,3.0,32.32337883959045,0.0,0.0,7.775,False,True,False,True,False,False,False,False,False,False,False,False,False,False,False,0.0,1.0,0.0,0.0,1.0
,1.0,27.0,1.0,2.0,52.0,False,False,False,False,True,False,False,False,False,True,False,False,False,False,False,1.0,0.0,0.0,0.0,1.0
,3.0,32.32337883959045,0.0,0.0,8.05,False,True,False,True,False,False,False,False,False,False,False,False,False,False,False,0.0,1.0,0.0,0.0,1.0
,1.0,25.0,0.0,0.0,26.0,False,True,False,True,False,False,False,False,False,False,False,False,False,False,False,0.0,1.0,1.0,0.0,0.0
,3.0,25.0,0.0,0.0,7.7958,True,True,False,True,False,False,False,False,False,False,False,False,False,False,False,0.0,1.0,0.0,0.0,1.0
,1.0,76.0,1.0,0.0,78.85,False,False,False,False,True,False,False,False,False,False,True,False,False,False,False,1.0,0.0,0.0,0.0,1.0
,3.0,29.0,0.0,0.0,7.925,False,True,False,True,False,False,False,False,False,False,False,False,False,False,False,0.0,1.0,0.0,0.0,1.0
,3.0,20.0,0.0,0.0,7.8542,False,True,False,False,False,True,False,False,False,False,False,False,False,False,False,1.0,0.0,0.0,0.0,1.0
,3.0,33.0,0.0,0.0,8.05,False,True,False,True,False,False,False,False,False,False,False,False,False,False,False,0.0,1.0,0.0,0.0,1.0
,1.0,43.0,1.0,0.0,55.4417,False,False,False,False,True,False,False,False,False,False,True,False,False,False,False,1.0,0.0,1.0,0.0,0.0
,2.0,27.0,1.0,0.0,26.0,True,True,False,True,False,False,False,False,False,False,False,False,False,False,False,0.0,1.0,0.0,0.0,1.0
,3.0,32.32337883959045,0.0,0.0,7.75,False,True,False,True,False,False,False,False,False,False,False,False,False,False,False,0.0,1.0,0.0,1.0,0.0
,3.0,26.0,0.0,0.0,7.775,False,True,False,True,False,False,False,False,False,False,False,False,False,False,False,0.0,1.0,0.0,0.0,1.0
,3.0,16.0,1.0,1.0,8.5167,False,True,False,False,True,False,True,False,False,False,False,False,False,False,False,1.0,0.0,1.0,0.0,0.0
,3.0,28.0,0.0,0.0,22.525,False,True,False,True,False,False,False,False,False,False,False,False,False,False,False,0.0,1.0,0.0,0.0,1.0
,3.0,21.0,0.0,0.0,7.8208,False,True,False,True,False,False,False,False,False,False,False,False,False,False,False,0.0,1.0,0.0,1.0,0.0
,3.0,32.32337883959045,0.0,0.0,7.75,True,True,False,True,False,False,False,False,False,False,False,False,False,False,False,0.0,1.0,0.0,1.0,0.0
,3.0,32.32337883959045,0.0,0.0,8.7125,False,True,False,True,False,False,True,False,False,False,False,False,False,False,False,0.0,1.0,0.0,0.0,1.0
,2.0,18.5,0.0,0.0,13.0,True,False,False,True,False,False,False,False,False,False,False,False,False,True,False,0.0,1.0,0.0,0.0,1.0
,2.0,41.0,0.0,0.0,15.0458,False,True,False,True,False,False,False,False,False,False,False,False,False,False,False,0.0,1.0,1.0,0.0,0.0
,3.0,21.774238095238093,0.0,0.0,7.7792,False,True,False,False,False,True,False,False,False,False,False,False,False,False,False,1.0,0.0,0.0,1.0,0.0
,1.0,36.0,0.0,0.0,31.6792,False,False,False,False,False,True,False,False,True,False,False,False,False,False,False,1.0,0.0,1.0,0.0,0.0
,3.0,18.5,0.0,0.0,7.2833,False,True,False,False,False,True,False,False,False,False,False,False,False,False,False,1.0,0.0,0.0,1.0,0.0
,1.0,63.0,1.0,0.0,221.7792,False,False,False,False,True,False,False,False,False,False,True,False,False,False,False,1.0,0.0,0.0,0.0,1.0
,3.0,18.0,1.0,0.0,14.4542,False,True,False,True,False,False,False,False,False,False,False,False,False,False,False,0.0,1.0,1.0,0.0,0.0
,3.0,32.32337883959045,0.0,0.0,6.4375,False,True,False,True,False,False,False,False,False,False,False,False,False,False,False,0.0,1.0,1.0,0.0,0.0
,3.0,1.0,1.0,1.0,16.7,False,False,False,False,False,True,False,False,False,False,False,False,False,False,True,1.0,0.0,0.0,0.0,1.0
,1.0,36.0,0.0,0.0,75.2417,False,False,False,True,False,False,False,False,False,False,True,False,False,False,False,0.0,1.0,1.0,0.0,0.0
,2.0,29.0,1.0,0.0,26.0,False,True,False,False,True,False,False,False,False,False,False,False,False,False,False,1.0,0.0,0.0,0.0,1.0
,2.0,12.0,0.0,0.0,15.75,False,True,False,False,False,True,False,False,False,False,False,False,False,False,False,1.0,0.0,0.0,0.0,1.0
,3.0,32.32337883959045,1.0,0.0,7.75,True,True,False,True,False,False,False,False,False,False,False,False,False,False,False,0.0,1.0,0.0,1.0,0.0
,1.0,35.0,1.0,0.0,57.75,False,False,False,False,True,False,False,False,False,False,True,False,False,False,False,1.0,0.0,1.0,0.0,0.0
,3.0,28.0,0.0,0.0,7.25,False,True,False,True,False,False,False,False,False,False,False,False,False,False,False,0.0,1.0,0.0,0.0,1.0
,3.0,32.32337883959045,0.0,0.0,7.75,False,True,False,True,False,False,False,False,False,False,False,False,False,False,False,0.0,1.0,0.0,1.0,0.0
,3.0,17.0,0.0,1.0,16.1,False,True,False,False,False,True,False,False,False,False,False,False,False,False,False,1.0,0.0,0.0,0.0,1.0
,3.0,22.0,0.0,0.0,7.7958,True,True,False,True,False,False,False,False,False,False,False,False,False,False,False,0.0,1.0,0.0,0.0,1.0
,3.0,21.774238095238093,2.0,0.0,23.25,False,True,False,False,False,True,False,False,False,False,False,False,False,False,False,1.0,0.0,0.0,1.0,0.0
,2.0,42.0,0.0,0.0,13.0,True,True,False,True,False,False,False,False,False,False,False,False,False,False,False,0.0,1.0,0.0,0.0,1.0
,3.0,24.0,0.0,0.0,8.05,False,True,False,True,False,False,False,False,False,False,False,False,False,False,False,0.0,1.0,0.0,0.0,1.0
,3.0,32.0,0.0,0.0,8.05,False,True,False,True,False,False,False,False,False,False,False,False,False,False,False,0.0,1.0,0.0,0.0,1.0
,1.0,53.0,0.0,0.0,28.5,False,False,False,False,False,False,False,True,False,False,True,False,False,False,False,0.0,1.0,1.0,0.0,0.0
,3.0,37.06432748538012,0.0,4.0,25.4667,False,True,False,False,True,False,False,False,False,False,False,False,False,False,False,1.0,0.0,0.0,0.0,1.0
,3.0,32.32337883959045,1.0,0.0,6.4375,False,True,False,True,False,False,False,False,False,False,False,False,False,False,False,0.0,1.0,1.0,0.0,0.0
,3.0,43.0,0.0,0.0,7.8958,False,True,False,True,False,False,False,False,False,False,False,False,False,False,False,0.0,1.0,0.0,0.0,1.0
,3.0,24.0,0.0,0.0,7.8542,False,True,False,True,False,False,False,False,False,False,False,False,False,False,False,0.0,1.0,0.0,0.0,1.0
,3.0,26.5,0.0,0.0,7.225,False,True,False,True,False,False,False,False,False,False,False,False,False,False,False,0.0,1.0,1.0,0.0,0.0
,2.0,26.0,0.0,0.0,13.0,False,True,False,True,False,False,False,False,False,False,False,False,False,False,False,0.0,1.0,0.0,0.0,1.0
,3.0,23.0,0.0,0.0,8.05,False,True,False,False,False,True,False,False,False,False,False,False,False,False,False,1.0,0.0,0.0,0.0,1.0
,3.0,40.0,1.0,6.0,46.9,False,True,False,True,False,False,False,False,False,False,False,False,False,False,False,0.0,1.0,0.0,0.0,1.0
,3.0,10.0,5.0,2.0,46.9,True,True,False,False,False,True,False,False,False,False,False,False,False,False,False,1.0,0.0,0.0,0.0,1.0
,1.0,33.0,0.0,0.0,151.55,False,True,False,False,False,True,False,False,False,False,False,False,False,False,False,1.0,0.0,0.0,0.0,1.0
,1.0,61.0,1.0,3.0,262.375,False,False,False,True,False,False,False,False,False,True,False,False,False,False,False,0.0,1.0,1.0,0.0,0.0
,2.0,28.0,0.0,0.0,26.0,False,True,False,True,False,False,False,False,False,False,False,False,False,False,False,0.0,1.0,0.0,0.0,1.0
,1.0,42.0,0.0,0.0,26.55,False,True,False,True,False,False,True,False,False,False,False,False,False,False,False,0.0,1.0,0.0,0.0,1.0
,3.0,31.0,3.0,0.0,18.0,False,True,False,True,False,False,False,False,False,False,False,False,False,False,False,0.0,1.0,0.0,0.0,1.0
,1.0,32.32337883959045,0.0,0.0,51.8625,False,False,False,True,False,False,False,False,False,False,False,False,True,False,False,0.0,1.0,0.0,0.0,1.0
,3.0,22.0,0.0,0.0,8.05,False,True,False,True,False,False,False,False,False,False,False,False,False,False,False,0.0,1.0,0.0,0.0,1.0
,1.0,32.32337883959045,0.0,0.0,26.55,False,True,False,True,False,False,False,False,False,False,False,False,False,False,False,0.0,1.0,0.0,0.0,1.0
,2.0,30.0,1.0,1.0,26.0,False,True,False,False,False,False,False,True,False,False,False,False,False,False,False,0.0,1.0,0.0,0.0,1.0
,1.0,23.0,0.0,1.0,83.1583,False,False,False,False,True,False,False,False,False,False,True,False,False,False,False,1.0,0.0,1.0,0.0,0.0
,3.0,32.32337883959045,0.0,0.0,7.8958,False,True,False,True,False,False,False,False,False,False,False,False,False,False,False,0.0,1.0,1.0,0.0,0.0
,3.0,60.5,0.0,0.0,33.2954792813456,False,True,False,True,False,False,False,False,False,False,False,False,False,False,False,0.0,1.0,0.0,0.0,1.0
,3.0,36.0,0.0,2.0,12.1833,False,True,False,False,True,False,False,False,False,False,False,False,False,False,False,1.0,0.0,0.0,0.0,1.0
,3.0,13.0,4.0,2.0,31.3875,True,True,True,False,False,False,False,False,False,False,False,False,False,False,False,0.0,1.0,0.0,0.0,1.0
,3.0,24.0,0.0,0.0,7.55,False,True,False,True,False,False,False,False,False,False,False,False,False,False,False,0.0,1.0,0.0,0.0,1.0
,1.0,29.0,0.0,0.0,221.7792,False,False,False,False,False,True,False,False,False,False,True,False,False,False,False,1.0,0.0,0.0,0.0,1.0
,3.0,23.0,0.0,0.0,7.8542,False,True,False,False,False,True,False,False,False,False,False,False,False,False,False,1.0,0.0,0.0,0.0,1.0
,1.0,42.0,0.0,0.0,26.55,True,False,False,True,False,False,False,False,False,False,False,True,False,False,False,0.0,1.0,0.0,0.0,1.0
,3.0,26.0,0.0,2.0,13.775,True,True,False,False,True,False,False,False,False,False,False,False,False,False,False,1.0,0.0,0.0,0.0,1.0
,3.0,21.774238095238093,0.0,0.0,7.7333,False,True,False,False,False,True,False,False,False,False,False,False,False,False,False,1.0,0.0,0.0,1.0,0.0
,3.0,7.0,1.0,1.0,15.2458,False,True,True,False,False,False,False,False,False,False,False,False,False,False,False,0.0,1.0,1.0,0.0,0.0
,2.0,26.0,0.0,0.0,13.5,False,True,False,False,False,True,False,False,False,False,False,False,False,False,False,1.0,0.0,0.0,0.0,1.0
,3.0,32.32337883959045,0.0,0.0,7.0,False,True,False,True,False,False,False,False,False,False,False,False,False,False,False,0.0,1.0,0.0,0.0,1.0
,2.0,41.0,0.0,0.0,13.0,False,True,False,False,False,False,False,True,False,False,False,False,False,False,False,0.0,1.0,0.0,0.0,1.0
,3.0,26.0,1.0,1.0,22.025,False,True,False,False,True,False,False,False,False,False,False,False,False,False,False,1.0,0.0,0.0,0.0,1.0
,1.0,48.0,0.0,0.0,50.4958,True,False,False,True,False,False,False,False,False,True,False,False,False,False,False,0.0,1.0,1.0,0.0,0.0
,3.0,18.0,2.0,2.0,34.375,False,True,False,True,False,False,False,False,False,False,False,False,False,False,False,0.0,1.0,0.0,0.0,1.0
,1.0,37.06432748538012,0.0,0.0,27.7208,True,True,False,False,True,False,False,False,False,False,False,False,False,False,False,1.0,0.0,1.0,0.0,0.0
,3.0,22.0,0.0,0.0,8.9625,False,True,False,False,False,True,False,False,False,False,False,False,False,False,False,1.0,0.0,0.0,0.0,1.0
,3.0,32.32337883959045,0.0,0.0,7.55,False,True,False,True,False,False,False,False,False,False,False,False,False,False,False,0.0,1.0,0.0,0.0,1.0
,3.0,27.0,0.0,0.0,7.225,False,True,False,True,False,False,False,False,False,False,False,False,False,False,False,0.0,1.0,1.0,0.0,0.0
,3.0,23.0,1.0,0.0,13.9,False,True,False,True,False,False,False,False,False,False,False,False,False,False,False,0.0,1.0,0.0,0.0,1.0
,3.0,32.32337883959045,0.0,0.0,7.2292,False,True,False,True,False,False,False,False,False,False,False,False,False,False,False,0.0,1.0,1.0,0.0,0.0
,3.0,40.0,1.0,5.0,31.3875,False,True,False,True,False,False,False,False,False,False,False,False,False,False,False,0.0,1.0,0.0,0.0,1.0
,2.0,15.0,0.0,2.0,39.0,False,True,False,False,False,True,False,False,False,False,False,False,False,False,False,1.0,0.0,0.0,0.0,1.0
,2.0,20.0,0.0,0.0,36.75,True,True,False,False,False,True,False,False,False,False,False,False,False,False,False,1.0,0.0,0.0,0.0,1.0
,1.0,54.0,1.0,0.0,55.4417,False,False,False,True,False,False,False,False,False,False,True,False,False,False,False,0.0,1.0,1.0,0.0,0.0
,2.0,36.0,0.0,3.0,39.0,False,False,False,False,True,False,False,False,False,False,False,False,False,True,False,1.0,0.0,0.0,0.0,1.0
,1.0,64.0,0.0,2.0,83.1583,False,False,False,False,True,False,False,False,False,False,False,False,True,False,False,1.0,0.0,1.0,0.0,0.0
,2.0,30.0,0.0,0.0,13.0,True,True,False,True,False,False,False,False,False,False,False,False,False,False,False,0.0,1.0,0.0,0.0,1.0
,1.0,37.0,1.0,1.0,83.1583,True,False,False,True,False,False,False,False,False,False,False,False,True,False,False,0.0,1.0,1.0,0.0,0.0
,1.0,18.0,1.0,0.0,53.1,False,False,False,False,True,False,False,False,False,False,False,True,False,False,False,1.0,0.0,0.0,0.0,1.0
,3.0,32.32337883959045,0.0,0.0,7.75,False,True,False,True,False,False,False,False,False,False,False,False,False,False,False,0.0,1.0,0.0,1.0,0.0
,1.0,27.0,1.0,1.0,247.5208,False,False,False,False,True,False,False,False,False,True,False,False,False,False,False,1.0,0.0,1.0,0.0,0.0
,2.0,40.0,0.0,0.0,16.0,True,True,False,True,False,False,False,False,False,False,False,False,False,False,False,0.0,1.0,0.0,0.0,1.0
,2.0,21.0,0.0,1.0,21.0,True,True,False,False,False,True,False,False,False,False,False,False,False,False,False,1.0,0.0,0.0,0.0,1.0
,3.0,17.0,2.0,0.0,8.05,False,True,False,True,False,False,False,False,False,False,False,False,False,False,False,0.0,1.0,0.0,0.0,1.0
,3.0,21.774238095238093,8.0,2.0,69.55,False,True,False,False,False,True,False,False,False,False,False,False,False,False,False,1.0,0.0,0.0,0.0,1.0
,2.0,40.0,0.0,0.0,13.0,False,True,False,True,False,False,False,False,False,False,False,False,False,False,False,0.0,1.0,0.0,0.0,1.0
,2.0,34.0,1.0,0.0,26.0,False,True,False,True,False,False,False,False,False,False,False,False,False,False,False,0.0,1.0,0.0,0.0,1.0
,1.0,32.32337883959045,0.0,0.0,26.0,False,True,False,True,False,False,False,False,False,False,False,False,False,False,False,0.0,1.0,0.0,0.0,1.0
,3.0,11.5,1.0,1.0,14.5,False,True,True,False,False,False,False,False,False,False,False,False,False,False,False,0.0,1.0,0.0,0.0,1.0
,2.0,61.0,0.0,0.0,12.35,False,True,False,True,False,False,False,False,False,False,False,False,False,False,False,0.0,1.0,0.0,1.0,0.0
,2.0,8.0,0.0,2.0,32.5,False,True,True,False,False,False,False,False,False,False,False,False,False,False,False,0.0,1.0,0.0,0.0,1.0
,3.0,33.0,0.0,0.0,7.8542,False,True,False,True,False,False,False,False,False,False,False,False,False,False,False,0.0,1.0,0.0,0.0,1.0
,1.0,6.0,0.0,2.0,134.5,True,False,True,False,False,False,False,False,False,False,False,False,True,False,False,0.0,1.0,1.0,0.0,0.0
,3.0,18.0,0.0,0.0,7.775,False,True,False,False,False,True,False,False,False,False,False,False,False,False,False,1.0,0.0,0.0,0.0,1.0
,2.0,23.0,0.0,0.0,10.5,True,True,False,True,False,False,False,False,False,False,False,False,False,False,False,0.0,1.0,0.0,0.0,1.0
,3.0,37.06432748538012,0.0,0.0,8.1125,False,True,False,False,True,False,False,False,False,False,False,False,False,False,False,1.0,0.0,0.0,0.0,1.0
,3.0,21.774238095238093,0.0,0.0,15.5,False,True,False,False,False,True,False,False,False,False,False,False,False,False,False,1.0,0.0,0.0,1.0,0.0
,3.0,0.33,0.0,2.0,14.4,True,True,True,False,False,False,False,False,False,False,False,False,False,False,False,0.0,1.0,0.0,0.0,1.0
,1.0,47.0,1.0,0.0,227.525,False,False,False,False,False,False,False,True,False,False,True,False,False,False,False,0.0,1.0,1.0,0.0,0.0
,2.0,8.0,1.0,1.0,26.0,False,True,False,False,False,True,False,False,False,False,False,False,False,False,False,1.0,0.0,0.0,0.0,1.0
,2.0,25.0,0.0,0.0,10.5,False,True,False,True,False,False,False,False,False,False,False,False,False,False,False,0.0,1.0,0.0,0.0,1.0
,1.0,32.32337883959045,0.0,0.0,25.7417,False,True,False,True,False,False,False,False,False,False,False,False,False,False,False,0.0,1.0,1.0,0.0,0.0
,3.0,35.0,0.0,0.0,7.75,False,True,False,False,False,True,False,False,False,False,False,False,False,False,False,1.0,0.0,0.0,1.0,0.0
,2.0,24.0,0.0,0.0,10.5,False,True,False,True,False,False,False,False,False,False,False,False,False,False,False,0.0,1.0,0.0,0.0,1.0
,1.0,33.0,0.0,0.0,27.7208,False,False,False,False,False,True,False,False,True,False,False,False,False,False,False,1.0,0.0,1.0,0.0,0.0
,3.0,25.0,0.0,0.0,7.8958,False,True,False,True,False,False,False,False,False,False,False,False,False,False,False,0.0,1.0,0.0,0.0,1.0
,3.0,32.0,0.0,0.0,22.525,False,True,False,True,False,False,False,False,False,False,False,False,False,False,False,0.0,1.0,0.0,0.0,1.0
,3.0,32.32337883959045,0.0,0.0,7.05,False,True,False,True,False,False,False,False,False,False,False,False,False,False,False,0.0,1.0,0.0,0.0,1.0
,2.0,17.0,0.0,0.0,73.5,False,True,False,True,False,False,False,False,False,False,False,False,False,False,False,0.0,1.0,0.0,0.0,1.0
,2.0,60.0,1.0,0.0,26.0,False,True,False,False,True,False,False,False,False,False,False,False,False,False,False,1.0,0.0,0.0,0.0,1.0
,3.0,38.0,4.0,2.0,7.775,True,True,False,False,False,True,False,False,False,False,False,False,False,False,False,1.0,0.0,0.0,0.0,1.0
,1.0,42.0,0.0,0.0,42.5,False,False,False,True,False,False,False,False,False,True,False,False,False,False,False,0.0,1.0,0.0,0.0,1.0
,3.0,21.774238095238093,0.0,0.0,7.8792,False,True,False,False,False,True,False,False,False,False,False,False,False,False,False,1.0,0.0,0.0,1.0,0.0
,1.0,57.0,1.0,1.0,164.8667,False,True,False,True,False,False,False,False,False,False,False,False,False,False,False,0.0,1.0,0.0,0.0,1.0
,1.0,50.0,1.0,1.0,211.5,False,False,False,False,True,False,False,False,False,False,True,False,False,False,False,1.0,0.0,1.0,0.0,0.0
,3.0,32.32337883959045,0.0,0.0,8.05,False,True,False,True,False,False,False,False,False,False,False,False,False,False,False,0.0,1.0,0.0,0.0,1.0
,2.0,30.0,1.0,0.0,13.8583,False,True,False,False,False,True,False,False,False,False,False,False,False,False,False,1.0,0.0,1.0,0.0,0.0
,3.0,21.0,0.0,0.0,8.05,False,True,False,True,False,False,False,False,False,False,False,False,False,False,False,0.0,1.0,0.0,0.0,1.0
,2.0,22.0,0.0,0.0,10.5,False,False,False,False,True,False,False,False,False,False,False,False,False,True,False,1.0,0.0,0.0,0.0,1.0
,3.0,21.0,0.0,0.0,7.7958,True,True,False,True,False,False,False,False,False,False,False,False,False,False,False,0.0,1.0,0.0,0.0,1.0
,1.0,53.0,0.0,0.0,27.4458,False,True,False,False,True,False,False,False,False,False,False,False,False,False,False,1.0,0.0,1.0,0.0,0.0
,3.0,37.06432748538012,0.0,2.0,15.2458,False,True,False,False,True,False,True,False,False,False,False,False,False,False,False,1.0,0.0,1.0,0.0,0.0
,3.0,23.0,0.0,0.0,7.7958,False,True,False,True,False,False,False,False,False,False,False,False,False,False,False,0.0,1.0,0.0,0.0,1.0
,3.0,21.774238095238093,0.0,0.0,7.75,False,True,False,False,False,True,False,False,False,False,False,False,False,False,False,1.0,0.0,0.0,1.0,0.0
,3.0,40.5,0.0,0.0,15.1,False,True,False,True,False,False,False,False,False,False,False,False,False,False,False,0.0,1.0,0.0,0.0,1.0
,2.0,36.0,0.0,0.0,13.0,True,True,False,True,False,False,False,False,False,False,False,False,False,False,False,0.0,1.0,0.0,0.0,1.0
,2.0,14.0,0.0,0.0,65.0,False,True,False,True,False,False,False,False,False,False,False,False,False,False,False,0.0,1.0,0.0,0.0,1.0
,1.0,21.0,0.0,0.0,26.55,False,True,False,False,False,True,False,False,False,False,False,False,False,False,False,1.0,0.0,0.0,0.0,1.0
,3.0,21.0,1.0,0.0,6.4958,False,True,False,True,False,False,False,False,False,False,False,False,False,False,False,0.0,1.0,0.0,0.0,1.0
,3.0,32.32337883959045,0.0,0.0,7.8792,False,True,False,True,False,False,False,False,False,False,False,False,False,False,False,0.0,1.0,0.0,1.0,0.0
,1.0,39.0,1.0,0.0,71.2833,False,False,False,True,False,False,False,False,False,False,True,False,False,False,False,0.0,1.0,1.0,0.0,0.0
,3.0,20.0,0.0,0.0,7.8542,True,True,False,True,False,False,False,False,False,False,False,False,False,False,False,0.0,1.0,0.0,0.0,1.0
,1.0,64.0,1.0,0.0,75.25,False,False,False,True,False,False,False,False,False,False,False,True,False,False,False,0.0,1.0,1.0,0.0,0.0
,3.0,20.0,0.0,0.0,7.225,False,True,False,True,False,False,False,False,False,False,False,False,False,False,False,0.0,1.0,1.0,0.0,0.0
,2.0,18.0,1.0,1.0,13.0,False,True,False,False,False,True,False,False,False,False,False,False,False,False,False,1.0,0.0,0.0,0.0,1.0
,1.0,48.0,1.0,0.0,106.425,False,False,False,False,True,False,False,False,False,False,True,False,False,False,False,1.0,0.0,1.0,0.0,0.0
,1.0,55.0,0.0,0.0,27.7208,True,True,False,False,True,False,False,False,False,False,False,False,False,False,False,1.0,0.0,1.0,0.0,0.0
,2.0,45.0,0.0,2.0,30.0,True,True,False,False,True,False,False,False,False,False,False,False,False,False,False,1.0,0.0,0.0,0.0,1.0
,1.0,45.0,1.0,1.0,134.5,False,False,False,True,False,False,False,False,False,False,False,False,True,False,False,0.0,1.0,1.0,0.0,0.0
,3.0,32.32337883959045,0.0,0.0,7.8875,False,True,False,True,False,False,False,False,False,False,False,False,False,False,False,0.0,1.0,0.0,0.0,1.0
,3.0,5.4826415094339636,1.0,2.0,23.45,False,True,True,False,False,False,True,False,False,False,False,False,False,False,False,0.0,1.0,0.0,0.0,1.0
,1.0,41.0,1.0,0.0,51.8625,False,False,False,True,False,False,False,False,False,False,False,True,False,False,False,0.0,1.0,0.0,0.0,1.0
,2.0,22.0,0.0,0.0,21.0,False,True,False,False,True,False,False,False,False,False,False,False,False,False,False,1.0,0.0,0.0,0.0,1.0
,2.0,42.0,1.0,1.0,32.5,False,True,False,True,False,False,False,False,False,False,False,False,False,False,False,0.0,1.0,0.0,0.0,1.0
,2.0,29.0,1.0,0.0,26.0,False,True,False,False,True,False,False,False,False,False,False,False,False,False,False,1.0,0.0,0.0,0.0,1.0
,3.0,37.06432748538012,1.0,0.0,14.4542,False,True,False,False,True,False,True,False,False,False,False,False,False,False,False,1.0,0.0,1.0,0.0,0.0
,2.0,0.92,1.0,2.0,27.75,True,True,False,False,False,True,False,False,False,False,False,False,False,False,False,1.0,0.0,0.0,0.0,1.0
,3.0,20.0,0.0,0.0,7.925,False,True,False,True,False,False,False,False,False,False,False,False,False,False,False,0.0,1.0,0.0,0.0,1.0
,1.0,27.0,1.0,0.0,136.7792,False,False,False,True,False,False,False,False,False,False,True,False,False,False,False,0.0,1.0,1.0,0.0,0.0
,3.0,24.0,0.0,0.0,9.325,False,True,False,True,False,False,False,False,False,False,False,False,False,False,False,0.0,1.0,0.0,0.0,1.0
,3.0,32.5,0.0,0.0,9.5,False,True,False,True,False,False,False,False,False,False,False,False,False,False,False,0.0,1.0,0.0,0.0,1.0
,3.0,32.32337883959045,0.0,0.0,7.55,False,True,False,True,False,False,False,False,False,False,False,False,False,False,False,0.0,1.0,0.0,0.0,1.0
,3.0,32.32337883959045,0.0,0.0,7.75,True,True,False,True,False,False,False,False,False,False,False,False,False,False,False,0.0,1.0,0.0,1.0,0.0
,3.0,28.0,0.0,0.0,8.05,False,True,False,True,False,False,False,False,False,False,False,False,False,False,False,0.0,1.0,0.0,0.0,1.0
,2.0,19.0,0.0,0.0,13.0,False,True,False,False,False,True,False,False,False,False,False,False,False,False,False,1.0,0.0,0.0,0.0,1.0
,3.0,21.0,0.0,0.0,7.775,False,True,False,True,False,False,False,False,False,False,False,False,False,False,False,0.0,1.0,0.0,0.0,1.0
,3.0,36.5,1.0,0.0,17.4,True,True,False,True,False,False,False,False,False,False,False,False,False,False,False,0.0,1.0,0.0,0.0,1.0
,3.0,21.0,0.0,0.0,7.8542,False,True,False,True,False,False,False,False,False,False,False,False,False,False,False,0.0,1.0,0.0,0.0,1.0
,2.0,29.0,0.0,2.0,23.0,False,True,False,False,True,False,True,False,False,False,False,False,False,False,False,1.0,0.0,0.0,0.0,1.0
,3.0,1.0,1.0,1.0,12.1833,False,True,False,False,False,True,False,False,False,False,False,False,False,False,False,1.0,0.0,0.0,0.0,1.0
,2.0,30.0,0.0,0.0,12.7375,True,True,False,True,False,False,False,False,False,False,False,False,False,False,False,0.0,1.0,1.0,0.0,0.0
,3.0,32.32337883959045,0.0,0.0,7.8958,False,True,False,True,False,False,False,False,False,False,False,False,False,False,False,0.0,1.0,0.0,0.0,1.0
,1.0,32.32337883959045,0.0,0.0,0.0,False,True,False,True,False,False,False,False,False,False,False,False,False,False,False,0.0,1.0,0.0,0.0,1.0
,3.0,32.32337883959045,0.0,0.0,7.55,False,True,False,True,False,False,False,False,False,False,False,False,False,False,False,0.0,1.0,0.0,0.0,1.0
,3.0,21.774238095238093,0.0,0.0,8.05,False,True,False,False,False,True,False,False,False,False,False,False,False,False,False,1.0,0.0,0.0,0.0,1.0
,3.0,17.0,0.0,0.0,8.6625,False,True,False,True,False,False,False,False,False,False,False,False,False,False,False,0.0,1.0,0.0,0.0,1.0
,1.0,46.0,0.0,0.0,75.2417,True,False,False,True,False,False,False,False,False,False,True,False,False,False,False,0.0,1.0,1.0,0.0,0.0
,3.0,32.32337883959045,0.0,0.0,7.75,False,True,False,True,False,False,False,False,False,False,False,False,False,False,False,0.0,1.0,0.0,1.0,0.0
,1.0,26.0,1.0,0.0,136.7792,False,False,False,False,True,False,False,False,False,False,True,False,False,False,False,1.0,0.0,1.0,0.0,0.0
,3.0,21.774238095238093,1.0,0.0,15.5,False,True,False,False,False,True,False,False,False,False,False,False,False,False,False,1.0,0.0,0.0,1.0,0.0
,3.0,32.32337883959045,0.0,0.0,7.225,True,True,False,True,False,False,False,False,False,False,False,False,False,False,False,0.0,1.0,1.0,0.0,0.0
,2.0,20.0,1.0,0.0,26.0,False,True,False,False,False,True,False,False,False,False,False,False,False,False,False,1.0,0.0,0.0,0.0,1.0
,2.0,28.0,0.0,0.0,10.5,False,True,False,True,False,False,False,False,False,False,False,False,False,False,False,0.0,1.0,0.0,0.0,1.0
,2.0,40.0,1.0,0.0,26.0,True,True,False,True,False,False,False,False,False,False,False,False,False,False,False,0.0,1.0,0.0,0.0,1.0
,2.0,30.0,1.0,0.0,21.0,False,True,False,True,False,False,False,False,False,False,False,False,False,False,False,0.0,1.0,0.0,0.0,1.0
,2.0,22.0,0.0,0.0,10.5,False,True,False,True,False,False,False,False,False,False,False,False,False,False,False,0.0,1.0,0.0,0.0,1.0
,3.0,23.0,0.0,0.0,8.6625,False,True,False,False,False,True,False,False,False,False,False,False,False,False,False,1.0,0.0,0.0,0.0,1.0
,3.0,0.75,1.0,1.0,13.775,False,True,True,False,False,False,False,False,False,False,False,False,False,False,False,0.0,1.0,0.0,0.0,1.0
,3.0,21.774238095238093,0.0,0.0,7.75,False,True,False,False,False,True,False,False,False,False,False,False,False,False,False,1.0,0.0,0.0,1.0,0.0
,3.0,9.0,1.0,1.0,15.2458,False,True,False,False,False,True,False,False,False,False,False,False,False,False,False,1.0,0.0,1.0,0.0,0.0
,3.0,2.0,1.0,1.0,20.2125,True,True,False,False,False,True,False,False,False,False,False,False,False,False,False,1.0,0.0,0.0,0.0,1.0
,3.0,36.0,0.0,0.0,7.25,False,True,False,True,False,False,False,False,False,False,False,False,False,False,False,0.0,1.0,0.0,0.0,1.0
,3.0,32.32337883959045,0.0,0.0,7.25,False,True,False,True,False,False,False,False,False,False,False,False,False,False,False,0.0,1.0,0.0,0.0,1.0
,1.0,24.0,1.0,0.0,82.2667,False,False,False,True,False,False,False,False,False,True,False,False,False,False,False,0.0,1.0,0.0,0.0,1.0
,3.0,32.32337883959045,0.0,0.0,7.2292,False,False,False,True,False,False,False,False,False,False,False,False,True,True,False,0.0,1.0,1.0,0.0,0.0
,3.0,32.32337883959045,0.0,0.0,8.05,False,True,False,True,False,False,False,False,False,False,False,False,False,False,False,0.0,1.0,0.0,0.0,1.0
,1.0,32.32337883959045,0.0,0.0,39.6,False,True,False,True,False,False,False,False,False,False,False,False,False,False,False,0.0,1.0,0.0,0.0,1.0
,3.0,30.0,0.0,0.0,6.95,False,True,False,False,False,True,True,False,False,False,False,False,False,False,False,1.0,0.0,0.0,1.0,0.0
,3.0,32.32337883959045,0.0,0.0,7.2292,False,True,False,True,False,False,False,False,False,False,False,False,False,False,False,0.0,1.0,1.0,0.0,0.0
,1.0,32.32337883959045,1.0,1.0,81.8583,False,False,False,False,False,False,False,True,True,False,False,False,False,False,False,0.0,1.0,0.0,0.0,1.0
,3.0,36.0,0.0,0.0,9.5,False,True,False,True,False,False,False,False,False,False,False,False,False,False,False,0.0,1.0,0.0,0.0,1.0
,3.0,26.0,0.0,0.0,7.8958,True,True,False,True,False,False,False,False,False,False,False,False,False,False,False,0.0,1.0,0.0,0.0,1.0
,2.0,1.0,1.0,2.0,41.5792,False,True,False,False,False,True,False,False,False,False,False,False,False,False,False,1.0,0.0,1.0,0.0,0.0
,3.0,32.32337883959045,2.0,0.0,21.6792,False,True,False,True,False,False,False,False,False,False,False,False,False,False,False,0.0,1.0,1.0,0.0,0.0
,1.0,30.0,0.0,0.0,45.5,True,True,False,True,False,False,False,False,False,False,False,False,False,False,False,0.0,1.0,0.0,0.0,1.0
,3.0,29.0,0.0,0.0,7.8542,False,True,False,True,False,False,False,False,False,False,False,False,False,False,False,0.0,1.0,0.0,0.0,1.0
,3.0,32.0,0.0,0.0,7.775,True,True,False,True,False,False,False,False,False,False,False,False,False,False,False,0.0,1.0,0.0,0.0,1.0
,2.0,32.32337883959045,0.0,0.0,15.0458,True,False,False,True,False,False,False,False,False,False,False,True,False,False,False,0.0,1.0,1.0,0.0,0.0
,2.0,43.0,0.0,1.0,21.0,False,True,False,True,False,False,False,False,False,False,False,False,False,False,False,0.0,1.0,0.0,0.0,1.0
,3.0,24.0,0.0,0.0,8.6625,True,True,False,True,False,False,False,False,False,False,False,False,False,False,False,0.0,1.0,0.0,0.0,1.0
,3.0,21.774238095238093,0.0,0.0,7.75,True,True,False,False,False,True,True,False,False,False,False,False,False,False,False,1.0,0.0,0.0,1.0,0.0
,1.0,64.0,1.0,1.0,26.55,False,False,False,False,True,False,False,False,False,True,False,False,False,False,False,1.0,0.0,0.0,0.0,1.0
,1.0,30.0,1.0,2.0,151.55,True,False,False,True,False,False,False,False,False,False,True,False,False,False,False,0.0,1.0,0.0,0.0,1.0
,3.0,0.83,0.0,1.0,9.35,False,True,True,False,False,False,False,False,False,False,False,False,False,False,False,0.0,1.0,0.0,0.0,1.0
,1.0,55.0,1.0,1.0,93.5,False,False,False,True,False,False,False,False,False,True,False,False,False,False,False,0.0,1.0,0.0,0.0,1.0
,3.0,45.0,1.0,0.0,14.1083,False,True,False,False,True,False,False,False,False,False,False,False,False,False,False,1.0,0.0,0.0,0.0,1.0
,3.0,18.0,0.0,0.0,8.6625,False,True,False,True,False,False,False,False,False,False,False,False,False,False,False,0.0,1.0,0.0,0.0,1.0
,3.0,22.0,0.0,0.0,7.225,False,True,False,True,False,False,False,False,False,False,False,False,False,False,False,0.0,1.0,1.0,0.0,0.0
,3.0,32.32337883959045,0.0,0.0,7.575,False,True,False,True,False,False,False,False,False,False,False,False,False,False,False,0.0,1.0,0.0,0.0,1.0
,3.0,37.0,0.0,0.0,7.75,False,True,False,False,False,True,False,False,False,False,False,False,False,False,False,1.0,0.0,0.0,1.0,0.0
,1.0,55.0,0.0,0.0,135.6333,False,False,False,False,True,False,False,False,False,False,True,False,False,False,False,1.0,0.0,1.0,0.0,0.0
,3.0,17.0,0.0,0.0,7.7333,False,True,False,False,False,True,False,False,False,False,False,False,False,False,False,1.0,0.0,0.0,1.0,0.0
,1.0,57.0,1.0,0.0,146.5208,False,False,False,True,False,False,False,False,False,True,False,False,False,False,False,0.0,1.0,1.0,0.0,0.0
,2.0,19.0,0.0,0.0,10.5,False,True,False,True,False,False,False,False,False,False,False,False,False,False,False,0.0,1.0,0.0,0.0,1.0
,3.0,27.0,0.0,0.0,7.8542,False,True,False,True,False,False,False,False,False,False,False,False,False,False,False,0.0,1.0,0.0,0.0,1.0
,2.0,22.0,2.0,0.0,31.5,False,True,False,True,False,False,False,False,False,False,False,False,False,False,False,0.0,1.0,0.0,0.0,1.0
,3.0,26.0,0.0,0.0,7.775,False,True,False,True,False,False,False,False,False,False,False,False,False,False,False,0.0,1.0,0.0,0.0,1.0
,3.0,25.0,0.0,0.0,7.2292,False,False,False,True,False,False,False,False,False,False,False,False,True,True,False,0.0,1.0,1.0,0.0,0.0
,2.0,26.0,0.0,0.0,13.0,False,False,False,True,False,False,False,False,False,False,False,False,False,True,False,0.0,1.0,0.0,0.0,1.0
,1.0,33.0,0.0,0.0,26.55,False,True,False,True,False,False,False,False,False,False,False,False,False,False,False,0.0,1.0,0.0,0.0,1.0
,1.0,39.0,0.0,0.0,211.3375,True,True,False,False,False,True,False,False,False,False,False,False,False,False,False,1.0,0.0,0.0,0.0,1.0
,3.0,23.0,0.0,0.0,7.05,False,True,False,True,False,False,False,False,False,False,False,False,False,False,False,0.0,1.0,0.0,0.0,1.0
,2.0,12.0,2.0,1.0,39.0,False,False,False,False,False,True,False,False,False,False,False,False,False,True,False,1.0,0.0,0.0,0.0,1.0
,1.0,46.0,0.0,0.0,79.2,False,True,False,True,False,False,True,False,False,False,False,False,False,False,False,0.0,1.0,1.0,0.0,0.0
,2.0,29.0,1.0,0.0,26.0,False,True,False,True,False,False,False,False,False,False,False,False,False,False,False,0.0,1.0,0.0,0.0,1.0
,2.0,21.0,0.0,0.0,13.0,False,True,False,True,False,False,False,False,False,False,False,False,False,False,False,0.0,1.0,0.0,0.0,1.0
,2.0,48.0,0.0,2.0,36.75,True,True,False,False,True,False,False,False,False,False,False,False,False,False,False,1.0,0.0,0.0,0.0,1.0
,1.0,39.0,0.0,0.0,29.7,False,False,False,True,False,False,False,False,True,False,False,False,False,False,False,0.0,1.0,1.0,0.0,0.0
,3.0,32.32337883959045,0.0,0.0,7.225,False,True,False,True,False,False,False,False,False,False,False,False,False,False,False,0.0,1.0,1.0,0.0,0.0
,3.0,19.0,1.0,1.0,15.7417,False,True,False,False,True,False,True,False,False,False,False,False,False,False,False,1.0,0.0,1.0,0.0,0.0
,3.0,27.0,0.0,0.0,7.8958,True,True,False,True,False,False,False,False,False,False,False,False,False,False,False,0.0,1.0,0.0,0.0,1.0
,1.0,30.0,0.0,0.0,26.0,True,False,False,True,False,False,False,False,False,False,True,False,False,False,False,0.0,1.0,0.0,0.0,1.0
,2.0,32.0,0.0,0.0,13.0,False,True,False,True,False,False,False,False,False,False,False,False,False,False,False,0.0,1.0,0.0,0.0,1.0
,3.0,39.0,0.0,2.0,7.2292,False,True,False,True,False,False,False,False,False,False,False,False,False,False,False,0.0,1.0,1.0,0.0,0.0
,2.0,25.0,0.0,0.0,31.5,False,True,False,True,False,False,False,False,False,False,False,False,False,False,False,0.0,1.0,0.0,0.0,1.0
,3.0,5.4826415094339636,0.0,0.0,7.2292,False,True,True,False,False,False,False,False,False,False,False,False,False,False,False,0.0,1.0,1.0,0.0,0.0
,2.0,18.0,0.0,0.0,10.5,False,True,False,True,False,False,False,False,False,False,False,False,False,False,False,0.0,1.0,0.0,0.0,1.0
,3.0,32.0,0.0,0.0,7.5792,False,True,False,True,False,False,False,False,False,False,False,False,False,False,False,0.0,1.0,0.0,0.0,1.0
,3.0,32.32337883959045,1.0,9.0,69.55,False,True,False,True,False,False,False,False,False,False,False,False,False,False,False,0.0,1.0,0.0,0.0,1.0
,1.0,58.0,0.0,1.0,512.3292,False,False,False,False,True,False,False,False,False,True,False,False,False,False,False,1.0,0.0,1.0,0.0,0.0
,3.0,5.4826415094339636,1.0,1.0,14.5,False,True,True,False,False,False,False,False,False,False,False,False,False,False,False,0.0,1.0,0.0,0.0,1.0
,3.0,16.0,0.0,0.0,7.65,False,True,False,False,False,True,False,False,False,False,False,False,False,False,False,1.0,0.0,0.0,0.0,1.0
,2.0,26.0,0.0,0.0,13.0,False,True,False,True,False,False,False,False,False,False,False,False,False,False,False,0.0,1.0,0.0,0.0,1.0
,3.0,38.0,0.0,0.0,7.2292,True,True,False,False,True,False,False,False,False,False,False,False,False,False,False,1.0,0.0,1.0,0.0,0.0
,2.0,24.0,0.0,0.0,13.5,False,True,False,True,False,False,False,False,False,False,False,False,False,False,False,0.0,1.0,0.0,0.0,1.0
,2.0,31.0,0.0,0.0,21.0,False,True,False,False,False,True,False,False,False,False,False,False,False,False,False,1.0,0.0,0.0,0.0,1.0
,1.0,45.0,0.0,1.0,63.3583,False,False,False,False,True,False,False,False,False,False,False,True,False,False,False,1.0,0.0,1.0,0.0,0.0
,2.0,25.0,0.0,0.0,10.5,True,True,False,True,False,False,False,False,False,False,False,False,False,False,False,0.0,1.0,0.0,0.0,1.0
,2.0,18.0,0.0,0.0,73.5,False,True,False,True,False,False,False,False,False,False,False,False,False,False,False,0.0,1.0,0.0,0.0,1.0
,2.0,49.0,1.0,2.0,65.0,False,True,False,True,False,False,False,False,False,False,False,False,False,False,False,0.0,1.0,0.0,0.0,1.0
,3.0,0.17,1.0,2.0,20.575,True,True,False,False,False,True,True,False,False,False,False,False,False,False,False,1.0,0.0,0.0,0.0,1.0
,1.0,50.0,0.0,0.0,26.0,False,False,False,True,False,False,False,False,False,False,False,False,True,False,False,0.0,1.0,0.0,0.0,1.0
,1.0,59.0,2.0,0.0,51.4792,False,False,False,False,True,False,False,False,False,False,True,False,False,False,False,1.0,0.0,0.0,0.0,1.0
,3.0,32.32337883959045,0.0,0.0,7.8792,False,True,False,True,False,False,False,False,False,False,False,False,False,False,False,0.0,1.0,0.0,0.0,1.0
,3.0,32.32337883959045,0.0,0.0,7.75,True,True,False,True,False,False,False,False,False,False,False,False,False,False,False,0.0,1.0,0.0,1.0,0.0
,3.0,30.0,1.0,0.0,15.55,True,True,False,False,True,False,False,False,False,False,False,False,False,False,False,1.0,0.0,0.0,0.0,1.0
,3.0,14.5,8.0,2.0,69.55,False,True,True,False,False,False,False,False,False,False,False,False,False,False,False,0.0,1.0,0.0,0.0,1.0
,2.0,24.0,1.0,1.0,37.0042,False,True,False,False,True,False,False,False,False,False,False,False,False,False,False,1.0,0.0,1.0,0.0,0.0
,2.0,31.0,0.0,0.0,21.0,False,True,False,False,True,False,False,False,False,False,False,False,False,False,False,1.0,0.0,0.0,0.0,1.0
,3.0,27.0,0.0,0.0,8.6625,False,True,False,True,False,False,False,False,False,False,False,False,False,False,False,0.0,1.0,0.0,0.0,1.0
,1.0,25.0,1.0,0.0,55.4417,True,False,False,False,True,False,False,False,False,False,False,False,True,False,False,1.0,0.0,1.0,0.0,0.0
,3.0,37.06432748538012,1.0,9.0,69.55,False,True,False,False,True,False,False,False,False,False,False,False,False,False,False,1.0,0.0,0.0,0.0,1.0
,3.0,32.32337883959045,1.0,0.0,14.4583,False,True,False,True,False,False,False,False,False,False,False,False,False,False,False,0.0,1.0,1.0,0.0,0.0
,3.0,22.0,0.0,0.0,39.6875,True,True,False,False,False,True,True,False,False,False,False,False,False,False,False,1.0,0.0,0.0,0.0,1.0
,1.0,45.0,0.0,1.0,59.4,True,True,False,False,True,False,False,False,False,False,False,False,False,False,False,1.0,0.0,1.0,0.0,0.0
,2.0,29.0,0.0,0.0,13.8583,False,True,False,True,False,False,False,False,False,False,False,False,False,False,False,0.0,1.0,1.0,0.0,0.0
,2.0,21.0,1.0,0.0,11.5,False,True,False,True,False,False,False,False,False,False,False,False,False,False,False,0.0,1.0,0.0,0.0,1.0
,1.0,31.0,0.0,0.0,134.5,False,False,False,False,False,True,False,False,False,False,False,False,True,False,False,1.0,0.0,1.0,0.0,0.0
,1.0,49.0,0.0,0.0,0.0,False,False,False,True,False,False,False,False,False,True,False,False,False,False,False,0.0,1.0,0.0,0.0,1.0
,2.0,44.0,0.0,0.0,13.0,False,True,False,True,False,False,False,False,False,False,False,False,False,False,False,0.0,1.0,0.0,0.0,1.0
,1.0,54.0,1.0,1.0,81.8583,False,False,False,False,True,False,False,False,True,False,False,False,False,False,False,1.0,0.0,0.0,0.0,1.0
,1.0,45.0,0.0,0.0,262.375,True,True,False,False,False,True,False,False,False,False,False,False,False,False,False,1.0,0.0,1.0,0.0,0.0
,3.0,22.0,2.0,0.0,8.6625,False,True,False,False,False,True,False,False,False,False,False,False,False,False,False,1.0,0.0,0.0,0.0,1.0
,2.0,21.0,0.0,0.0,11.5,False,True,False,True,False,False,True,False,False,False,False,False,False,False,False,0.0,1.0,0.0,0.0,1.0
,1.0,55.0,0.0,0.0,50.0,False,False,False,True,False,False,False,False,False,False,True,False,False,False,False,0.0,1.0,0.0,0.0,1.0
,3.0,5.0,4.0,2.0,31.3875,False,True,True,False,False,False,False,False,False,False,False,False,False,False,False,0.0,1.0,0.0,0.0,1.0
,3.0,32.32337883959045,0.0,0.0,7.75,False,True,False,True,False,False,False,False,False,False,False,False,False,False,False,0.0,1.0,0.0,1.0,0.0
,3.0,26.0,0.0,0.0,7.8792,False,True,False,True,False,False,False,False,False,False,False,False,False,False,False,0.0,1.0,0.0,1.0,0.0
,3.0,37.06432748538012,0.0,0.0,14.5,False,True,False,False,True,False,False,False,False,False,False,False,False,False,False,1.0,0.0,0.0,0.0,1.0
,3.0,19.0,1.0,0.0,16.1,False,True,False,False,True,False,False,False,False,False,False,False,False,False,False,1.0,0.0,0.0,0.0,1.0
,2.0,32.32337883959045,0.0,0.0,12.875,True,True,False,True,False,False,True,False,False,False,False,False,False,False,False,0.0,1.0,0.0,0.0,1.0
,2.0,24.0,1.0,2.0,65.0,False,True,False,False,False,True,False,False,False,False,False,False,False,False,False,1.0,0.0,0.0,0.0,1.0
,3.0,24.0,0.0,0.0,7.775,False,True,False,True,False,False,False,False,False,False,False,False,False,False,False,0.0,1.0,0.0,0.0,1.0
,2.0,57.0,0.0,0.0,13.0,False,True,False,True,False,False,False,False,False,False,False,False,False,False,False,0.0,1.0,0.0,0.0,1.0
,3.0,21.0,0.0,0.0,7.75,True,True,False,True,False,False,False,False,False,False,False,False,False,False,False,0.0,1.0,0.0,1.0,0.0
,3.0,6.0,3.0,1.0,21.075,False,True,True,False,False,False,False,False,False,False,False,False,False,False,False,0.0,1.0,0.0,0.0,1.0
,1.0,23.0,0.0,0.0,93.5,False,False,False,True,False,False,False,False,False,True,False,False,False,False,False,0.0,1.0,0.0,0.0,1.0
,1.0,51.0,0.0,1.0,39.4,False,False,False,False,True,False,False,False,False,False,False,True,False,False,False,1.0,0.0,0.0,0.0,1.0
,3.0,13.0,0.0,2.0,20.25,False,True,True,False,False,False,False,False,False,False,False,False,False,False,False,0.0,1.0,0.0,0.0,1.0
,2.0,47.0,0.0,0.0,10.5,False,True,False,True,False,False,False,False,False,False,False,False,False,False,False,0.0,1.0,0.0,0.0,1.0
,3.0,29.0,3.0,1.0,22.025,False,True,False,True,False,False,False,False,False,False,False,False,False,False,False,0.0,1.0,0.0,0.0,1.0
,1.0,18.0,1.0,0.0,60.0,False,False,False,False,True,False,False,False,False,False,True,False,False,False,False,1.0,0.0,0.0,0.0,1.0
,3.0,24.0,0.0,0.0,7.25,False,True,False,True,False,False,False,False,False,False,False,False,False,False,False,0.0,1.0,0.0,1.0,0.0
,1.0,48.0,1.0,1.0,79.2,False,False,False,False,True,False,False,False,False,True,False,False,False,False,False,1.0,0.0,1.0,0.0,0.0
,3.0,22.0,0.0,0.0,7.775,False,True,False,True,False,False,False,False,False,False,False,False,False,False,False,0.0,1.0,0.0,0.0,1.0
,3.0,31.0,0.0,0.0,7.7333,False,True,False,True,False,False,False,False,False,False,False,False,False,False,False,0.0,1.0,0.0,1.0,0.0
,1.0,30.0,0.0,0.0,164.8667,False,False,False,False,False,True,False,False,False,False,True,False,False,False,False,1.0,0.0,0.0,0.0,1.0
,2.0,38.0,1.0,0.0,21.0,False,True,False,True,False,False,False,False,False,False,False,False,False,False,False,0.0,1.0,0.0,0.0,1.0
,1.0,22.0,0.0,1.0,59.4,False,True,False,False,False,True,False,False,False,False,False,False,False,False,False,1.0,0.0,1.0,0.0,0.0
,1.0,17.0,0.0,0.0,47.1,False,True,False,True,False,False,False,False,False,False,False,False,False,False,False,0.0,1.0,0.0,0.0,1.0
,1.0,43.0,1.0,0.0,27.7208,False,False,False,True,False,False,False,False,False,False,False,True,False,False,False,0.0,1.0,1.0,0.0,0.0
,2.0,20.0,0.0,0.0,13.8625,False,False,False,True,False,False,True,False,False,False,False,True,False,False,False,0.0,1.0,1.0,0.0,0.0
,2.0,23.0,1.0,0.0,10.5,False,True,False,True,False,False,False,False,False,False,False,False,False,False,False,0.0,1.0,0.0,0.0,1.0
,1.0,50.0,1.0,1.0,211.5,False,False,False,True,False,False,False,False,False,False,True,False,False,False,False,0.0,1.0,1.0,0.0,0.0
,3.0,21.774238095238093,0.0,0.0,7.7208,False,True,False,False,False,True,True,False,False,False,False,False,False,False,False,1.0,0.0,0.0,1.0,0.0
,3.0,3.0,1.0,1.0,13.775,True,True,False,False,False,True,False,False,False,False,False,False,False,False,False,1.0,0.0,0.0,0.0,1.0
,3.0,21.774238095238093,0.0,0.0,7.75,True,True,False,False,False,True,False,False,False,False,False,False,False,False,False,1.0,0.0,0.0,1.0,0.0
,1.0,37.0,1.0,0.0,90.0,True,False,False,False,True,False,False,False,False,False,True,False,False,False,False,1.0,0.0,0.0,1.0,0.0
,3.0,28.0,0.0,0.0,7.775,False,True,False,False,False,True,False,False,False,False,False,False,False,False,False,1.0,0.0,0.0,0.0,1.0
,3.0,32.32337883959045,0.0,0.0,8.05,True,True,False,True,False,False,False,False,False,False,False,False,False,False,False,0.0,1.0,0.0,0.0,1.0
,1.0,39.0,0.0,0.0,108.9,False,False,False,False,False,False,False,True,False,False,True,False,False,False,False,1.0,0.0,1.0,0.0,0.0
,3.0,38.5,0.0,0.0,7.25,True,True,False,True,False,False,False,False,False,False,False,False,False,False,False,0.0,1.0,0.0,0.0,1.0
,3.0,32.32337883959045,0.0,0.0,8.05,False,True,False,True,False,False,False,False,False,False,False,False,False,False,False,0.0,1.0,0.0,0.0,1.0
,3.0,5.4826415094339636,1.0,1.0,22.3583,False,True,True,False,False,False,False,False,False,False,False,False,False,False,False,0.0,1.0,1.0,0.0,0.0
